PG.ProteinGroups,PG.Genes
Q9GZL7,WDR12
Q9UK28,TMEM59L
Q13011,ECH1
Q8IWV8,UBR2
Q9H0E2,TOLLIP
A6NJT0,UNCX
P51784,USP11
P61086,UBE2K
O43151,TET3
P46109,CRKL
Q9NRX5,SERINC1
Q9HCM3,KIAA1549
Q9UHR5,SAP30BP
Q5VTL8,PRPF38B
Q96RN5,MED15
P42892,ECE1
Q658Y4,FAM91A1
Q8TF61,FBXO41
Q96PB7,OLFM3
Q7Z4V5,HDGFL2
Q8WUJ1,CYB5D2
Q5T7P8,SYT6
Q9UIF9,BAZ2A
O94985,CLSTN1
Q9Y575,ASB3
Q9UNQ2,DIMT1
Q9UN75,PCDHA12
Q7L775,EPM2AIP1
O95755,RAB36
Q9BQ39,DDX50
C9JLW8,MCRIP1
Q7KZ85,SUPT6H
P35716,SOX11
Q9H4M3,FBXO44
Q8IV08,PLD3
Q9UIC8,LCMT1
P36578,RPL4
Q6PID6,TTC33
O94921,CDK14
Q92785,DPF2
P30876,POLR2B
O60506,SYNCRIP
P10586,PTPRF
Q9NP72,RAB18
Q9NPD8,UBE2T
Q5JSZ5,PRRC2B
O15027,SEC16A
Q06455,RUNX1T1
A1L0T0,ILVBL
Q96D05,FAM241B
Q01851,POU4F1
P23743,DGKA
Q674X7,KAZN
Q96EY1,DNAJA3
O00767,SCD
Q92925,SMARCD2
Q01658,DR1
Q2V2M9,FHOD3
Q06210,GFPT1
Q9GZN1,ACTR6
Q14344,GNA13
O75093,SLIT1
Q5ZPR3,CD276
P07311,ACYP1
P52292,KPNA2
Q96A35,MRPL24
P63244,RACK1
Q99784,OLFM1
Q24JP5,TMEM132A
O96005,CLPTM1
O94812,BAIAP3
Q8IUH5,ZDHHC17
Q8IVU1,IGDCC3
Q13772,NCOA4
O76070,SNCG
Q9BY67,CADM1
P17405,SMPD1
P41567,EIF1
Q6PID8,KLHDC10
O15213,WDR46
Q8IWT6,LRRC8A
Q9ULN7,PNMA8B
P49918,CDKN1C
O75190,DNAJB6
Q96DE0,NUDT16
Q9NR46,SH3GLB2
Q53FT3,HIKESHI
Q6P1Q0,LETMD1
Q5VTB9,RNF220
O95057,DIRAS1
Q8N0Z6,TTC5
P09104,ENO2
Q9HCK5,AGO4
O95071,UBR5
O43310,CTIF
P22303,ACHE
P27695,APEX1
Q9UPN6,SCAF8
Q02252,ALDH6A1
P40425,PBX2
Q86XP3,DDX42
P31930,UQCRC1
Q969G2,LHX4
Q9P2S2,NRXN2
Q9UHN1,POLG2
P32780,GTF2H1
Q86Y82,STX12
O43312,MTSS1
P30040,ERP29
Q9Y4C2,TCAF1
O95864,FADS2
Q12824,SMARCB1
P62699,YPEL5
O95996,APC2
Q9Y4P1,ATG4B
O43405,COCH
P55265,ADAR
Q96HE7,ERO1A
Q16585,SGCB
Q9UKC9,FBXL2
Q9NPZ5,B3GAT2
O14525,ASTN1
Q13569,TDG
P60891,PRPS1
Q9NPH2,ISYNA1
Q9ULP0,NDRG4
Q9NZV5,SELENON
Q9Y5Z7,HCFC2
P46379,BAG6
Q9HAT8,PELI2
Q9HBE1,PATZ1
O75509,TNFRSF21
Q14671,PUM1
P0CK96,SLC35E2B
Q9H6T3,RPAP3
Q92529,SHC3
Q8N766,EMC1
Q01484,ANK2
P62241,RPS8
Q8NFT8,DNER
O15394,NCAM2
Q9NQG5,RPRD1B
O43526,KCNQ2
Q13951,CBFB
Q9BX68,HINT2
O00571,DDX3X
Q9HCG8,CWC22
P07741,APRT
Q9NV31,IMP3
Q9Y3C6,PPIL1
Q92913,FGF13
Q8WYN3,CSRNP3
Q96MY1,NOL4L
P49674,CSNK1E
Q719H9,KCTD1
Q9UL15,BAG5
Q13490,BIRC2
O14735,CDIPT
Q9NWD8,TMEM248
Q8WV44,TRIM41
P55286,CDH8
Q9ULH0,KIDINS220
Q9Y5A7,NUB1
Q9H3P7,ACBD3
P51116,FXR2
Q9NWQ8,PAG1
P67775,PPP2CA
Q15417,CNN3
Q9HCH0,NCKAP5L
Q86UN3,RTN4RL2
P14373,TRIM27
Q8NC67,NETO2
Q7L3B6,CDC37L1
Q9ULJ6,ZMIZ1
Q8N9M1,C19orf47
Q09472,EP300
Q16718,NDUFA5
Q9Y608,LRRFIP2
Q96DM3,RMC1
Q76G19,PDZD4
Q8IVL1,NAV2
O95674,CDS2
Q6PK81,ZNF773
Q15334,LLGL1
Q8NFZ8,CADM4
Q92546,RGP1
Q9UL46,PSME2
Q5T3F8,TMEM63B
P03897,MT-ND3
P38606,ATP6V1A
O14949,UQCRQ
Q9Y3I1,FBXO7
Q9BSR8,YIPF4
Q8NB37,GATD1
Q96KQ7,EHMT2
Q99848,EBNA1BP2
Q9BQI5,SGIP1
Q9BRJ6,C7orf50
P07949,RET
O00399,DCTN6
O94964,SOGA1
Q8N5J2,MINDY1
O95415,BRI3
P54105,CLNS1A
Q9Y2H5,PLEKHA6
O95848,NUDT14
P52594,AGFG1
P78332,RBM6
Q12852,MAP3K12
O00743,PPP6C
P43358,MAGEA4
Q684P5,RAP1GAP2
Q9Y294,ASF1A
Q9ULX3,NOB1
Q9C0B6,BRINP2
Q9GZS1,POLR1E
Q9NWZ5,UCKL1
Q9ULJ3,ZBTB21
P60510,PPP4C
O95297,MPZL1
O15550,KDM6A
Q8N158,GPC2
Q96N64,PWWP2A
Q8IWA4,MFN1
Q6IEE7,TMEM132E
Q9BT67,NDFIP1
P13489,RNH1
P04843,RPN1
O43683,BUB1
P47224,RABIF
Q9BV68,RNF126
O94856,NFASC
Q96SW2,CRBN
Q96CX2,KCTD12
Q9BRD0,BUD13
Q8IYL2,TRMT44
Q2TBE0,CWF19L2
O15270,SPTLC2
Q9Y3E0,GOLT1B
Q9Y4F5,CEP170B
P52756,RBM5
Q53T59,HS1BP3
O94829,IPO13
Q9Y5X1,SNX9
P40426,PBX3
Q9NRN7,AASDHPPT
P00441,SOD1
Q9H5H4,ZNF768
Q9BWD3,RTL8A
Q9Y2I1,NISCH
Q9H6U8,ALG9
P11413,G6PD
Q6ZMG9,CERS6
P35568,IRS1
Q96MT1,RNF145
Q96JJ6,JPH4
Q8IYB5,SMAP1
Q86SK9,SCD5
Q9UPU3,SORCS3
P16220,CREB1
Q9BQ04,RBM4B
O14522,PTPRT
Q8NEU8,APPL2
O75817,POP7
Q9H857,NT5DC2
Q9H2V7,SPNS1
Q5TCY1,TTBK1
Q14728,MFSD10
P62979,RPS27A
P47756,CAPZB
P22694,PRKACB
P53805,RCAN1
Q9BYP7,WNK3
Q9BTX7,TTPAL
Q9C0J8,WDR33
Q9C0D9,SELENOI
P51149,RAB7A
Q8N954,GPATCH11
O95487,SEC24B
Q7L211,ABHD13
P49840,GSK3A
Q9BWM7,SFXN3
Q5TGY3,AHDC1
Q7Z5Q1,CPEB2
P28799,GRN
Q5TGI0,FAXC
Q9NXV2,KCTD5
P60660,MYL6
Q9NYQ7,CELSR3
O00192,ARVCF
Q9BZX2,UCK2
Q9UMN6,KMT2B
Q6PIJ6,FBXO38
Q08174,PCDH1
Q9HA65,TBC1D17
Q06587,RING1
A7MD48,SRRM4
Q9H4L4,SENP3
P62888,RPL30
Q86VP1,TAX1BP1
P04035,HMGCR
Q96SU4,OSBPL9
O94910,ADGRL1
P13798,APEH
Q86Y79,PTRH1
Q8N0W4,NLGN4X
Q96RD6,PANX2
P35222,CTNNB1
Q9NYY8,FASTKD2
Q9BRJ7,NUDT16L1
Q6ZTW0,TPGS1
Q15018,ABRAXAS2
P19086,GNAZ
Q52LR7,EPC2
Q92734,TFG
P85037,FOXK1
Q92604,LPGAT1
Q8IWZ3,ANKHD1
Q86U90,YRDC
Q6L8Q7,PDE12
Q6T4R5,NHS
Q8ND25,ZNRF1
Q9H9T3,ELP3
Q96B54,ZNF428
Q15061,WDR43
Q8WTW4,NPRL2
P62318,SNRPD3
Q13485,SMAD4
O14924,RGS12
O95336,PGLS
P56159,GFRA1
P61225,RAP2B
O43296,ZNF264
Q14318,FKBP8
Q15126,PMVK
O75792,RNASEH2A
Q9NRX2,MRPL17
P62341,SELENOT
Q86UU1,PHLDB1
Q8WX77,IGFBPL1
P50542,PEX5
Q29RF7,PDS5A
P04156,PRNP
Q96DF8,ESS2
Q96KC2,ARL5B
Q05048,CSTF1
O75896,TUSC2
O75164,KDM4A
Q9Y5N5,N6AMT1
Q92747,ARPC1A
O14975,SLC27A2
O95155,UBE4B
Q99627,COPS8
O95801,TTC4
Q02543,RPL18A
P19838,NFKB1
Q9Y512,SAMM50
Q96S55,WRNIP1
Q9H160,ING2
Q96SB4,SRPK1
Q8WYK1,CNTNAP5
Q86XX4,FRAS1
Q01538,MYT1
Q9BQ52,ELAC2
Q5T5Y3,CAMSAP1
Q9UBB9,TFIP11
Q96FJ0,STAMBPL1
Q9GZY8,MFF
Q92979,EMG1
Q9P291,ARMCX1
Q13895,BYSL
Q9Y2Q5,LAMTOR2
Q99459,CDC5L
Q5BJH2,TMEM128
Q15125,EBP
Q6ZMK1,CYHR1
P09651,HNRNPA1
Q9ULB1,NRXN1
O94805,ACTL6B
Q8N9I9,DTX3
O94953,KDM4B
O94898,LRIG2
O95271,TNKS
Q6P1X6,C8orf82
P78509,RELN
Q12926,ELAVL2
Q9BYL1,SAMD10
Q9Y5V3,MAGED1
Q9HA47,UCK1
Q9Y5B8,NME7
O60716,CTNND1
Q9Y3P4,RHBDD3
P30153,PPP2R1A
Q9UPU7,TBC1D2B
Q9UPU5,USP24
Q5U4P2,ASPHD1
Q8N5C8,TAB3
Q9H1D9,POLR3F
Q9BRQ0,PYGO2
O00233,PSMD9
Q96GX1,TCTN2
Q5SQI0,ATAT1
Q9ULU8,CADPS
Q9BYD1,MRPL13
Q7Z5N4,SDK1
Q9BTC8,MTA3
Q68D91,MBLAC2
Q92574,TSC1
Q9UGN5,PARP2
Q9NPE3,NOP10
P06576,ATP5F1B
Q9H6K5,PRR36
P63096,GNAI1
Q969R2,OSBP2
Q9P2W7,B3GAT1
Q9BXQ6,TMEM121B
Q8N8A6,DDX51
O43913,ORC5
Q99856,ARID3A
Q9UI36,DACH1
O14782,KIF3C
Q9H4A3,WNK1
P49902,NT5C2
Q5SYC1,CLVS2
Q8ND83,SLAIN1
O14686,KMT2D
Q9UQB3,CTNND2
Q96PE2,ARHGEF17
Q8N2K0,ABHD12
Q15262,PTPRK
O60231,DHX16
P83369,LSM11
O43291,SPINT2
P23470,PTPRG
Q8TBJ4,PLPPR1
Q8N163,CCAR2
Q9UHG3,PCYOX1
Q93052,LPP
O95479,H6PD
Q96S59,RANBP9
Q9UI30,TRMT112
Q9BRS2,RIOK1
Q9Y2S7,POLDIP2
O95429,BAG4
Q8IYT2,CMTR2
P43378,PTPN9
P00387,CYB5R3
Q8NEY1,NAV1
Q76I76,SSH2
Q8WU79,SMAP2
P46060,RANGAP1
P07858,CTSB
O43173,ST8SIA3
O75489,NDUFS3
Q7L523,RRAGA
Q9UHC6,CNTNAP2
Q02790,FKBP4
Q8N488,RYBP
Q9Y4H2,IRS2
P24666,ACP1
Q9HD26,GOPC
Q9NUM4,TMEM106B
Q92878,RAD50
P59190,RAB15
A6NFN3,RBFOX3
P14854,COX6B1
P17980,PSMC3
Q9NSI2,FAM207A
Q15631,TSN
Q8N0V4,LGI2
Q08629,SPOCK1
Q9BQ95,ECSIT
O75688,PPM1B
O60216,RAD21
Q6PI78,TMEM65
Q9UBC1,NFKBIL1
Q9NRW7,VPS45
Q9BWU0,SLC4A1AP
O43292,GPAA1
Q13526,PIN1
Q9Y6X3,MAU2
Q5T1M5,FKBP15
O94776,MTA2
Q9HBW1,LRRC4
Q9BQ69,MACROD1
A6NNY8,USP27X
Q9NRF2,SH2B1
Q8N461,FBXL16
Q15386,UBE3C
Q86WA8,LONP2
Q59EK9,RUNDC3A
Q92530,PSMF1
Q9HAF1,MEAF6
P29372,MPG
Q9UH73,EBF1
Q02086,SP2
Q9H2X9,SLC12A5
Q05513,PRKCZ
Q96S38,RPS6KC1
O15417,TNRC18
P49736,MCM2
O43602,DCX
P09471,GNAO1
Q8N126,CADM3
Q9UI10,EIF2B4
Q52WX2,SBK1
Q9BRP4,PAAF1
Q96EF0,MTMR8
Q5H8A4,PIGG
Q9HAR2,ADGRL3
A8MXV4,NUDT19
P48730,CSNK1D
Q9NYB0,TERF2IP
Q9H1B7,IRF2BPL
Q9H098,FAM107B
P18615,NELFE
O94766,B3GAT3
Q8WVE0,EEF1AKMT1
Q6R2W3,ZBED9
P43005,SLC1A1
Q96F63,CCDC97
Q9HCN4,GPN1
Q15785,TOMM34
P48664,SLC1A6
Q9HCQ5,GALNT9
Q9H9S5,FKRP
Q9UHV9,PFDN2
Q9NVG8,TBC1D13
Q96C86,DCPS
P11717,IGF2R
Q09019,DMWD
Q6ZT07,TBC1D9
P56211,ARPP19
Q9BZK7,TBL1XR1
Q5GH76,XKR4
Q96AQ6,PBXIP1
Q53EL6,PDCD4
Q96AY3,FKBP10
Q8NB46,ANKRD52
P62879,GNB2
O75127,PTCD1
O95639,CPSF4
Q9Y5I4,PCDHAC2
P21281,ATP6V1B2
A4D1P6,WDR91
Q8WXF7,ATL1
Q9NVN3,RIC8B
Q15375,EPHA7
Q92871,PMM1
Q12765,SCRN1
P31629,HIVEP2
Q9Y6E2,BZW2
P50148,GNAQ
O43865,AHCYL1
Q96Q42,ALS2
Q12974,PTP4A2
Q9Y2X7,GIT1
Q9H7B2,RPF2
Q96IG2,FBXL20
P60880,SNAP25
Q9UGL1,KDM5B
O43252,PAPSS1
O43924,PDE6D
Q8WUK0,PTPMT1
Q9H0S4,DDX47
Q8N4M1,SLC44A3
Q9BQA1,WDR77
Q6DKI1,RPL7L1
P17028,ZNF24
Q15742,NAB2
Q6ZN54,DEF8
Q8TC07,TBC1D15
Q9H2C0,GAN
Q5RI15,COX20
Q9BYV9,BACH2
Q13596,SNX1
Q9H490,PIGU
Q16560,SNRNP35
Q9NZJ9,NUDT4
Q15717,ELAVL1
P18433,PTPRA
O94952,FBXO21
Q96EZ8,MCRS1
P04049,RAF1
Q9UFF9,CNOT8
Q9P2R6,RERE
Q53GL0,PLEKHO1
Q6NXR4,TTI2
O43854,EDIL3
Q9H496,TOR1AIP2
P38117,ETFB
Q8NI60,COQ8A
Q15771,RAB30
Q9BZG1,RAB34
Q6NW40,RGMB
Q9Y6I4,USP3
Q86TP1,PRUNE1
Q8N6N2,TTC9B
P30086,PEBP1
P15289,ARSA
Q3YEC7,RABL6
Q13449,LSAMP
Q92945,KHSRP
Q9Y4F1,FARP1
Q9UBU9,NXF1
O95319,CELF2
P48051,KCNJ6
O95456,PSMG1
Q92692,NECTIN2
Q2KHT3,CLEC16A
Q15735,INPP5J
Q8WWC4,MAIP1
Q9BW61,DDA1
P33991,MCM4
P68106,FKBP1B
O94967,WDR47
Q9Y4X4,KLF12
Q9BRR6,ADPGK
Q96T76,MMS19
P49641,MAN2A2
Q9NRL3,STRN4
Q86WB0,ZC3HC1
Q7L592,NDUFAF7
Q86VW0,SESTD1
Q9P258,RCC2
Q9P2R3,ANKFY1
Q9UJ68,MSRA
O60347,TBC1D12
O00451,GFRA2
Q9Y5F7,PCDHGC4
P19388,POLR2E
O43633,CHMP2A
Q6ULP2,AFTPH
Q9UBF2,COPG2
Q8IV38,ANKMY2
Q9BX66,SORBS1
Q96T37,RBM15
Q8NAV1,PRPF38A
Q9Y6D9,MAD1L1
Q15904,ATP6AP1
Q3SXM5,HSDL1
Q5MIZ7,PPP4R3B
Q9NS39,ADARB2
Q6IS24,GALNT17
Q8NF37,LPCAT1
Q96S90,LYSMD1
P78559,MAP1A
Q9GZR7,DDX24
P53396,ACLY
Q8IVL0,NAV3
Q9BZR6,RTN4R
O60291,MGRN1
Q9NX05,FAM120C
P23560,BDNF
Q9BZ72,PITPNM2
Q8N5Y2,MSL3
P04062,GBA
P49815,TSC2
P98173,FAM3A
Q96RT7,TUBGCP6
Q9Y2X0,MED16
Q9Y2G0,EFR3B
O00487,PSMD14
Q9H3K2,GHITM
Q8IV32,CCDC71
Q9Y2E5,MAN2B2
Q92618,ZNF516
Q8N9R8,SCAI
Q5JU69,TOR2A
Q08AM6,VAC14
Q9BTE3,MCMBP
P78356,PIP4K2B
Q9UBB4,ATXN10
Q643R3,LPCAT4
Q13232,NME3
Q9HCD6,TANC2
P23443,RPS6KB1
Q6P087,RPUSD3
P62847,RPS24
O00468,AGRN
Q16827,PTPRO
P62937,PPIA
Q93050,ATP6V0A1
Q9BSV6,TSEN34
Q9P0K9,FRRS1L
P51148,RAB5C
O95757,HSPA4L
P08579,SNRPB2
P17658,KCNA6
Q9NZB8,MOCS1
O14531,DPYSL4
P62380,TBPL1
O95819,MAP4K4
Q9UBI9,HECA
Q5GH72,XKR7
P62263,RPS14
P78318,IGBP1
O15020,SPTBN2
Q9H8T0,AKTIP
Q8NBJ7,SUMF2
Q8WZ82,OVCA2
O95340,PAPSS2
Q5T8D3,ACBD5
O75882,ATRN
Q12923,PTPN13
Q6DKJ4,NXN
Q147X3,NAA30
Q6P1R4,DUS1L
Q02338,BDH1
Q2TAL8,QRICH1
O96000,NDUFB10
P54098,POLG
Q9Y5B9,SUPT16H
P30048,PRDX3
Q68CQ4,DIEXF
Q9Y5E9,PCDHB14
Q8TCT7,SPPL2B
O60245,PCDH7
P43004,SLC1A2
Q96K37,SLC35E1
Q8TBC5,ZSCAN18
Q16572,SLC18A3
Q9UKZ9,PCOLCE2
Q7L2E3,DHX30
Q13315,ATM
A1L020,MEX3A
Q06136,KDSR
Q9BTU6,PI4K2A
P16949,STMN1
O95169,NDUFB8
P45974,USP5
Q14669,TRIP12
Q92729,PTPRU
Q96NI6,LRFN5
Q9NZ32,ACTR10
P84095,RHOG
Q8TB52,FBXO30
P19404,NDUFV2
Q9UK99,FBXO3
O43169,CYB5B
O15260,SURF4
Q96FV2,SCRN2
P48742,LHX1
O60318,MCM3AP
Q99598,TSNAX
O75376,NCOR1
A7KAX9,ARHGAP32
P48651,PTDSS1
Q9BRX2,PELO
Q86XE3,MICU3
Q9Y250,LZTS1
O75054,IGSF3
Q6UXD5,SEZ6L2
Q9H3P2,NELFA
Q9H7P9,PLEKHG2
Q9Y6M1,IGF2BP2
Q0VG06,FAAP100
P15622,ZNF250
Q9ULV4,CORO1C
Q8WU76,SCFD2
Q9UJ14,GGT7
O00264,PGRMC1
O43524,FOXO3
O14730,RIOK3
P00367,GLUD1
P21953,BCKDHB
Q16539,MAPK14
Q5GH73,XKR6
Q9Y4D7,PLXND1
Q9ULP9,TBC1D24
Q9ULI0,ATAD2B
Q0VDG4,SCRN3
Q9NPF5,DMAP1
O75970,MPDZ
Q12860,CNTN1
Q96FE5,LINGO1
Q5VSG8,MANEAL
P48729,CSNK1A1
Q9H3M7,TXNIP
Q8N5A5,ZGPAT
Q9UNH7,SNX6
O95140,MFN2
Q1L5Z9,LONRF2
Q9UG01,IFT172
Q14457,BECN1
Q96GQ7,DDX27
Q9HBF4,ZFYVE1
Q9P0J1,PDP1
Q13242,SRSF9
P61421,ATP6V0D1
P58004,SESN2
Q8WVM7,STAG1
Q04695,KRT17
Q8WVZ9,KBTBD7
Q8NDZ6,TMEM161B
P47914,RPL29
Q9NTX7,RNF146
Q96L92,SNX27
Q9UHK6,AMACR
P42857,NSG1
Q9NVR5,DNAAF2
Q96CP2,FLYWCH2
O15079,SNPH
Q9Y2I8,WDR37
O95772,STARD3NL
Q9BWD1,ACAT2
Q15560,TCEA2
Q96EI5,TCEAL4
Q9HCM7,FBRSL1
Q15650,TRIP4
O00548,DLL1
P23246,SFPQ
O95758,PTBP3
Q14697,GANAB
Q9UNF0,PACSIN2
Q15599,SLC9A3R2
Q9HCG7,GBA2
O75044,SRGAP2
Q02127,DHODH
P55786,NPEPPS
Q9HCD5,NCOA5
Q92520,FAM3C
O94966,USP19
Q96QD8,SLC38A2
Q9UN74,PCDHA4
Q9P2N5,RBM27
Q9Y376,CAB39
Q9BVK8,TMEM147
Q9UJF2,RASAL2
Q8IZ21,PHACTR4
Q9UID3,VPS51
Q3MII6,TBC1D25
Q9Y256,RCE1
P15056,BRAF
Q15545,TAF7
Q66K64,DCAF15
Q9Y698,CACNG2
O95248,SBF1
Q9C0H2,TTYH3
P82909,MRPS36
Q9P1Z2,CALCOCO1
Q6XE24,RBMS3
Q13394,MAB21L1
O75380,NDUFS6
O60583,CCNT2
P48067,SLC6A9
Q9NYJ8,TAB2
Q9Y2B0,CNPY2
Q96L34,MARK4
P63241,EIF5A
Q9UPV9,TRAK1
P78352,DLG4
Q92784,DPF3
Q86V42,FAM124A
P48634,PRRC2A
Q5JU85,IQSEC2
Q16629,SRSF7
P34059,GALNS
Q96GE9,DMAC1
Q00403,GTF2B
Q96MP8,KCTD7
Q4J6C6,PREPL
Q75T13,PGAP1
Q9H019,MTFR1L
Q8TEH3,DENND1A
Q15345,LRRC41
Q9Y6V7,DDX49
Q9NX36,DNAJC28
Q6PCB7,SLC27A1
P62249,RPS16
P49116,NR2C2
Q8N5H7,SH2D3C
Q9Y2D5,AKAP2
P09455,RBP1
P55795,HNRNPH2
Q9P0J7,KCMF1
Q6ZSY5,PPP1R3F
P49419,ALDH7A1
Q9BZV1,UBXN6
O14828,SCAMP3
Q15633,TARBP2
Q8NE35,CPEB3
P46019,PHKA2
Q9UI08,EVL
O95983,MBD3
Q96PM9,ZNF385A
Q92609,TBC1D5
Q14160,SCRIB
Q9H2E6,SEMA6A
P18206,VCL
Q9H7F0,ATP13A3
Q8WZA1,POMGNT1
Q13873,BMPR2
Q9H444,CHMP4B
O60828,PQBP1
Q92994,BRF1
Q9Y3B4,SF3B6
Q6ZW76,ANKS3
O60299,LZTS3
O75643,SNRNP200
Q15006,EMC2
Q9UKE5,TNIK
Q96JN8,NEURL4
P07948,LYN
Q16656,NRF1
Q15596,NCOA2
Q9H469,FBXL15
Q8WV41,SNX33
Q8N5V2,NGEF
Q9UBV8,PEF1
Q9C0D0,PHACTR1
Q9Y3F4,STRAP
P21912,SDHB
Q07812,BAX
P33316,DUT
O00499,BIN1
P12277,CKB
Q6ZSR9,
P32322,PYCR1
P55769,SNU13
Q16799,RTN1
Q9NP90,RAB9B
Q9P265,DIP2B
Q9H2D6,TRIOBP
P53804,TTC3
O43639,NCK2
Q9NRF8,CTPS2
Q9Y664,KPTN
P55283,CDH4
Q9GZT9,EGLN1
Q5TF21,SOGA3
P19022,CDH2
O94813,SLIT2
Q8IYQ7,THNSL1
Q96CW5,TUBGCP3
O75914,PAK3
Q969T9,WBP2
Q9GZN7,ROGDI
Q12770,SCAP
Q13115,DUSP4
Q5SRE5,NUP188
Q8N9Z2,CCDC71L
P61916,NPC2
Q92759,GTF2H4
Q8IWF2,FOXRED2
O14508,SOCS2
Q969R8,ITFG2
P36873,PPP1CC
O75864,PPP1R37
Q9Y2T2,AP3M1
Q8TC26,TMEM163
P82650,MRPS22
Q07889,SOS1
Q08211,DHX9
O14787,TNPO2
Q9ULK0,GRID1
Q9P2D8,UNC79
Q9NQV5,PRDM11
P20594,NPR2
Q8IXH7,NELFCD
Q8N4Q0,ZADH2
Q8NEM7,SUPT20H
Q6ZT12,UBR3
P53367,ARFIP1
Q4V328,GRIPAP1
Q9HBU6,ETNK1
Q9Y3D9,MRPS23
P62136,PPP1CA
P36954,POLR2I
P82933,MRPS9
O00222,GRM8
O15085,ARHGEF11
Q9BY11,PACSIN1
P78316,NOP14
Q9H175,CSRNP2
O95486,SEC24A
Q8IUR7,ARMC8
O75179,ANKRD17
P26196,DDX6
Q96JK2,DCAF5
Q9UGI6,KCNN3
O43741,PRKAB2
Q96SB3,PPP1R9B
P07437,TUBB
Q6ZVM7,TOM1L2
Q9NV06,DCAF13
P22304,IDS
Q96KC8,DNAJC1
Q6P996,PDXDC1
Q8TBA6,GOLGA5
Q13002,GRIK2
Q8N6G5,CSGALNACT2
Q92614,MYO18A
O43155,FLRT2
Q7Z4K8,TRIM46
Q8NFG4,FLCN
Q9BY77,POLDIP3
Q16740,CLPP
O75037,KIF21B
O95834,EML2
Q15878,CACNA1E
Q13322,GRB10
Q9BZC1,CELF4
Q9NZZ3,CHMP5
Q9GZP4,PITHD1
Q9P286,PAK5
O95782,AP2A1
Q76KP1,B4GALNT4
O14733,MAP2K7
Q96P70,IPO9
Q9BWH6,RPAP1
P61966,AP1S1
Q14563,SEMA3A
P17858,PFKL
P60763,RAC3
O00750,PIK3C2B
O75051,PLXNA2
Q2TAY7,SMU1
Q8N608,DPP10
P08670,VIM
Q8IZ81,ELMOD2
Q9BW91,NUDT9
O75746,SLC25A12
P62760,VSNL1
Q9NRX4,PHPT1
Q08828,ADCY1
Q14202,ZMYM3
P10768,ESD
Q9UH99,SUN2
Q9NVT9,ARMC1
Q9C0B9,ZCCHC2
Q96S21,RAB40C
Q8N961,ABTB2
P35080,PFN2
Q16774,GUK1
Q9NRG7,SDR39U1
Q99873,PRMT1
O15068,MCF2L
Q5T0N5,FNBP1L
P27707,DCK
Q7Z3C6,ATG9A
Q9BRU9,UTP23
Q16706,MAN2A1
O95258,SLC25A14
Q9NR22,PRMT8
Q96KA5,CLPTM1L
P35232,PHB
Q9NZ63,C9orf78
P06241,FYN
O43432,EIF4G3
Q8N6H7,ARFGAP2
O75912,DGKI
P42694,HELZ
Q92581,SLC9A6
P98175,RBM10
O94876,TMCC1
Q6ZN04,MEX3B
Q9C0E8,LNPK
O76031,CLPX
Q9BYM8,RBCK1
Q9GZT4,SRR
Q504Y2,PKDCC
P20336,RAB3A
Q9UK59,DBR1
P30044,PRDX5
Q9NQZ5,STARD7
Q9P2G1,ANKIB1
Q96KG9,SCYL1
O15523,DDX3Y
O75347,TBCA
Q6UN15,FIP1L1
Q9P244,LRFN1
Q8N8L6,ARL10
Q9Y2G5,POFUT2
Q64LD2,WDR25
Q15120,PDK3
Q9Y371,SH3GLB1
Q96ME7,ZNF512
Q9H4I3,TRABD
P53680,AP2S1
Q96JQ0,DCHS1
Q9H553,ALG2
Q86TJ2,TADA2B
O60293,ZFC3H1
O95870,ABHD16A
Q9BQT9,CLSTN3
Q9BYI3,FAM126A
Q14974,KPNB1
Q96P11,NSUN5
Q96PY6,NEK1
P56377,AP1S2
Q9NT99,LRRC4B
O15164,TRIM24
O75369,FLNB
Q92993,KAT5
O95025,SEMA3D
Q8NCB2,CAMKV
P13647,KRT5
Q8IZ52,CHPF
P45954,ACADSB
Q93075,TATDN2
Q8NEY8,PPHLN1
Q5JPI3,C3orf38
P49903,SEPHS1
Q96T21,SECISBP2
Q9C0I3,CCSER1
P36894,BMPR1A
Q9NZ94,NLGN3
Q8N335,GPD1L
Q9BXR0,QTRT1
P62314,SNRPD1
P62826,RAN
Q15418,RPS6KA1
P21796,VDAC1
Q9ULJ7,ANKRD50
Q9P2K2,TXNDC16
P49411,TUFM
Q08495,DMTN
O75390,CS
O14939,PLD2
P39880,CUX1
Q9NRD5,PICK1
P58005,SESN3
Q13627,DYRK1A
O15258,RER1
Q969Q5,RAB24
P09001,MRPL3
Q96I59,NARS2
Q9Y4D8,HECTD4
Q13724,MOGS
P53794,SLC5A3
Q6VAB6,KSR2
Q9NS86,LANCL2
Q71RC2,LARP4
Q5TKA1,LIN9
Q9UQ35,SRRM2
Q6ZMI0,PPP1R21
Q7Z6J6,FRMD5
Q6TFL4,KLHL24
Q92845,KIFAP3
P12955,PEPD
Q6PCB5,RSBN1L
Q14687,GSE1
Q13454,TUSC3
Q9UKB1,FBXW11
P51693,APLP1
Q96II8,LRCH3
Q9BW71,HIRIP3
O94991,SLITRK5
Q14BN4,SLMAP
Q9Y6D6,ARFGEF1
Q8IUI8,CRLF3
Q92569,PIK3R3
Q9C0C4,SEMA4C
Q9H270,VPS11
Q9ULI4,KIF26A
Q8N806,UBR7
Q9Y4B4,RAD54L2
Q08752,PPID
Q9H9J4,USP42
Q15059,BRD3
Q8WUH1,CHURC1
Q13889,GTF2H3
Q6PCE3,PGM2L1
O75695,RP2
P62899,RPL31
Q13686,ALKBH1
Q6P1M3,LLGL2
Q9UJA5,TRMT6
Q9BXW6,OSBPL1A
Q9BQ89,FAM110A
Q6VMQ6,ATF7IP
Q14011,CIRBP
O95897,OLFM2
Q9Y216,MTMR7
P11177,PDHB
A4D161,FAM221A
Q9NR80,ARHGEF4
P78406,RAE1
Q8TC12,RDH11
P57088,TMEM33
O43301,HSPA12A
Q5T6C5,ATXN7L2
Q9H0D6,XRN2
Q99758,ABCA3
P57771,RGS8
Q9P2K6,KLHL42
Q96CT2,KLHL29
Q9HAK2,EBF2
Q8NFP9,NBEA
O60858,TRIM13
Q96G61,NUDT11
P83876,TXNL4A
Q8IXV7,KLHDC8B
Q8N8R5,C2orf69
P23193,TCEA1
Q8TAD8,SNIP1
P43681,CHRNA4
P20936,RASA1
Q8N983,MRPL43
Q8N8D1,PDCD7
Q6N022,TENM4
O15173,PGRMC2
P26358,DNMT1
Q9Y597,KCTD3
Q9HA77,CARS2
P63215,GNG3
Q9H6A9,PCNX3
Q96DV4,MRPL38
Q96JN0,LCOR
P23396,RPS3
Q86YV9,HPS6
O75752,B3GALNT1
P50579,METAP2
Q9Y4D2,DAGLA
O94880,PHF14
Q8N5S9,CAMKK1
P82663,MRPS25
Q8WWI5,SLC44A1
Q9BXB4,OSBPL11
Q16647,PTGIS
Q99426,TBCB
P20340,RAB6A
Q86UB2,BIVM
Q9Y3B3,TMED7
O94868,FCHSD2
O75937,DNAJC8
Q9BSF8,BTBD10
Q96BD5,PHF21A
P12956,XRCC6
Q96F07,CYFIP2
Q15768,EFNB3
Q9Y266,NUDC
Q96MZ0,GDAP1L1
Q5VTR2,RNF20
Q9H2W6,MRPL46
Q6ZXV5,TMTC3
P51808,DYNLT3
Q9ULC3,RAB23
Q96A33,CCDC47
Q9Y2V2,CARHSP1
Q8WUU5,GATAD1
Q12972,PPP1R8
Q9H6L2,TMEM231
Q9H7D0,DOCK5
Q8NCC3,PLA2G15
Q96P16,RPRD1A
Q9UFC0,LRWD1
Q5VU43,PDE4DIP
O75553,DAB1
O76071,CIAO1
P14416,DRD2
Q2TAP0,GOLGA7B
O43581,SYT7
Q9NVX2,NLE1
Q5VWQ0,RSBN1
Q5VUA4,ZNF318
Q15022,SUZ12
Q96EV2,RBM33
Q6ZSJ8,C1orf122
Q92558,WASF1
Q96S52,PIGS
Q8IYR6,TMEFF1
Q86X76,NIT1
O15118,NPC1
Q9UPP1,PHF8
Q16670,ZSCAN26
Q9BTN0,LRFN3
Q9H3S5,PIGM
Q8TDY2,RB1CC1
Q5M775,SPECC1
Q9Y285,FARSA
Q9NUL3,STAU2
Q6NXT6,TAPT1
Q8IXK0,PHC2
Q9H0C8,ILKAP
Q14694,USP10
H3BS89,TMEM178B
Q01105,SET
P49023,PXN
Q9Y383,LUC7L2
Q6P995,FAM171B
Q9UPQ9,TNRC6B
Q96MU7,YTHDC1
Q9P107,GMIP
Q96BT7,ALKBH8
P04083,ANXA1
Q8IWB1,ITPRIP
Q9NQ88,TIGAR
Q9UQF2,MAPK8IP1
Q86V21,AACS
P49917,LIG4
Q5VW32,BROX
P62310,LSM3
Q6ZRP7,QSOX2
O15530,PDPK1
Q6ZVC0,NYAP1
P53671,LIMK2
P00403,MT-CO2
Q96B36,AKT1S1
Q8NES3,LFNG
P45984,MAPK9
Q5JRA6,MIA3
O60921,HUS1
P35249,RFC4
P17844,DDX5
O00522,KRIT1
Q9H7B4,SMYD3
P51692,STAT5B
Q16288,NTRK3
Q92185,ST8SIA1
Q9BWF3,RBM4
Q9UJ41,RABGEF1
O94889,KLHL18
Q9BVL2,NUP58
P35908,KRT2
Q9Y478,PRKAB1
O43347,MSI1
Q9P287,BCCIP
P01112,HRAS
Q04206,RELA
Q86UL8,MAGI2
O95180,CACNA1H
Q9Y496,KIF3A
Q8IZQ1,WDFY3
O15541,RNF113A
Q9UKF6,CPSF3
P59768,GNG2
Q9UPY6,WASF3
Q86VV8,RTTN
Q92791,P3H4
P46527,CDKN1B
Q9ULW6,NAP1L2
A6NGN9,IGLON5
O15498,YKT6
Q9H1A3,METTL9
Q8IYB7,DIS3L2
Q9NX95,SYBU
Q13491,GPM6B
P30533,LRPAP1
O43920,NDUFS5
Q9HDC9,APMAP
Q7Z3T8,ZFYVE16
Q9BV20,MRI1
Q06481,APLP2
O00411,POLRMT
O75425,MOSPD3
Q7Z6M1,RABEPK
Q8NFJ6,PROKR2
Q14865,ARID5B
Q8N556,AFAP1
P61129,ZC3H6
Q9UK39,NOCT
Q96B18,DACT3
Q86UA1,PRPF39
P56945,BCAR1
Q06418,TYRO3
Q8IXQ5,KLHL7
P13611,VCAN
O43708,GSTZ1
Q9Y2U8,LEMD3
Q86XR8,CEP57
Q68CP4,HGSNAT
Q9NR31,SAR1A
P06732,CKM
O14628,ZNF195
P54652,HSPA2
Q9Y490,TLN1
Q8NC69,KCTD6
P18669,PGAM1
Q9Y333,LSM2
Q9BU76,MMTAG2
Q9NUY8,TBC1D23
Q9H0X9,OSBPL5
P05026,ATP1B1
Q9Y4W2,LAS1L
O75027,ABCB7
Q9H4K7,MTG2
Q9UKT8,FBXW2
Q9NR28,DIABLO
Q9Y5F9,PCDHGB6
Q9H461,FZD8
P55201,BRPF1
Q8IX30,SCUBE3
O75400,PRPF40A
Q9P2G3,KLHL14
P51665,PSMD7
P03915,MT-ND5
Q13642,FHL1
Q9H7X3,ZNF696
Q5VWX1,KHDRBS2
P52272,HNRNPM
Q92841,DDX17
Q13472,TOP3A
Q9H165,BCL11A
Q08379,GOLGA2
Q99496,RNF2
O43488,AKR7A2
Q8IYB8,SUPV3L1
Q9UHP3,USP25
Q15048,LRRC14
Q02153,GUCY1B1
Q96PV6,LENG8
Q9C0D7,ZC3H12C
O95461,LARGE1
Q9UPP2,IQSEC3
O95573,ACSL3
Q9Y5H9,PCDHA2
Q8WU20,FRS2
Q7Z460,CLASP1
Q15084,PDIA6
O00213,APBB1
O43189,PHF1
Q96LR5,UBE2E2
P35813,PPM1A
Q96PK6,RBM14
P13987,CD59
Q96ME1,FBXL18
Q8NHM5,KDM2B
Q16540,MRPL23
Q9Y277,VDAC3
O95900,TRUB2
Q9UMY4,SNX12
O14492,SH2B2
Q96EK9,KTI12
P62701,RPS4X
P16989,YBX3
P50897,PPT1
Q9C0I4,THSD7B
O15347,HMGB3
Q6DN90,IQSEC1
Q13438,OS9
Q86WG3,ATCAY
Q8ND82,ZNF280C
Q14195,DPYSL3
Q9NYA4,MTMR4
Q9Y4K0,LOXL2
P08138,NGFR
P62140,PPP1CB
Q9BWJ5,SF3B5
Q9UPN9,TRIM33
Q9NYB9,ABI2
Q00973,B4GALNT1
Q13057,COASY
Q9H999,PANK3
Q9GZM8,NDEL1
P62253,UBE2G1
O14576,DYNC1I1
Q9UGJ1,TUBGCP4
Q7L4I2,RSRC2
Q9Y3A4,RRP7A
Q6ZV73,FGD6
Q96AE7,TTC17
P18031,PTPN1
P05783,KRT18
Q92560,BAP1
Q96E11,MRRF
Q9Y2U9,KLHDC2
P52788,SMS
Q676U5,ATG16L1
Q6NUJ5,PWWP2B
P23919,DTYMK
Q9H0K6,PUS7L
P51532,SMARCA4
Q8IWZ8,SUGP1
Q6IAA8,LAMTOR1
Q15102,PAFAH1B3
A5PKW4,PSD
P62081,RPS7
Q8TDC3,BRSK1
O00273,DFFA
Q9BQP7,MGME1
Q9P2K5,MYEF2
O43747,AP1G1
Q9H6R0,DHX33
Q96L08,SUSD3
P35606,COPB2
Q99832,CCT7
P49758,RGS6
P17706,PTPN2
Q8N9V3,WDSUB1
P53004,BLVRA
Q9P2D6,FAM135A
P0CW24,PNMA6A
P40937,RFC5
P26378,ELAVL4
Q96IQ9,ZNF414
Q969H6,POP5
Q5VV42,CDKAL1
P25705,ATP5F1A
Q14103,HNRNPD
Q4G148,GXYLT1
P37108,SRP14
P61266,STX1B
O60271,SPAG9
Q06787,FMR1
O14497,ARID1A
Q9HCM4,EPB41L5
P36269,GGT5
O43813,LANCL1
O95405,ZFYVE9
P16298,PPP3CB
P08237,PFKM
Q96HA1,POM121
Q14165,MLEC
P51809,VAMP7
A2A3K4,PTPDC1
Q9H832,UBE2Z
Q8NDQ6,ZNF540
O43929,ORC4
Q9Y6H5,SNCAIP
O60422,ONECUT3
Q9Y2S2,CRYL1
P54727,RAD23B
Q9Y3Q4,HCN4
Q9UG56,PISD
Q12888,TP53BP1
Q9H0U9,TSPYL1
Q14416,GRM2
Q8WUD1,RAB2B
Q96C03,MIEF2
P49327,FASN
Q5TEA3,C20orf194
Q07065,CKAP4
Q12899,TRIM26
Q7Z6L1,TECPR1
Q9NXG6,P4HTM
Q10471,GALNT2
Q96G21,IMP4
Q96Q07,BTBD9
P31937,HIBADH
Q9NRZ9,HELLS
O60346,PHLPP1
P50583,NUDT2
Q13522,PPP1R1A
Q969X6,UTP4
Q9NW13,RBM28
P22314,UBA1
P50053,KHK
Q2M3C7,SPHKAP
Q9BUN8,DERL1
Q9Y693,LHFPL6
P55011,SLC12A2
P40222,TXLNA
P49750,YLPM1
Q6PK18,OGFOD3
Q6ZVL6,KIAA1549L
Q9NTN9,SEMA4G
Q9NW61,PLEKHJ1
P61160,ACTR2
P49821,NDUFV1
Q92953,KCNB2
Q9H6W3,RIOX1
Q9ULR3,PPM1H
O43829,ZBTB14
Q96DA2,RAB39B
Q86SZ2,TRAPPC6B
Q6P1M9,ARMCX5
Q96CS4,ZNF689
Q16762,TST
Q6UB35,MTHFD1L
Q9Y3D7,PAM16
C9J069,AJM1
Q8N4S7,PAQR4
Q9ULX6,AKAP8L
P61018,RAB4B
Q8WXF1,PSPC1
Q9UBU8,MORF4L1
Q9BU23,LMF2
P35659,DEK
P31150,GDI1
Q969Z4,RELT
P11234,RALB
P35790,CHKA
Q99707,MTR
Q6SPF0,SAMD1
P61247,RPS3A
P31483,TIA1
O75061,DNAJC6
Q9NPE2,NGRN
Q8TAP6,CEP76
Q9NXC2,GFOD1
P04632,CAPNS1
Q16875,PFKFB3
Q9Y6Q3,ZFP37
Q96T23,RSF1
Q66K14,TBC1D9B
Q8NBJ9,SIDT2
O75170,PPP6R2
Q86XN8,MEX3D
Q14108,SCARB2
P08133,ANXA6
P19784,CSNK2A2
P16383,GCFC2
Q5T5U3,ARHGAP21
P50213,IDH3A
Q9UKV3,ACIN1
Q8TBZ6,TRMT10A
O60264,SMARCA5
Q16881,TXNRD1
P07197,NEFM
P40925,MDH1
Q8TB45,DEPTOR
Q86YW9,MED12L
Q13257,MAD2L1
Q96GM5,SMARCD1
P28288,ABCD3
Q9NRH2,SNRK
Q9P2I0,CPSF2
Q86VR2,RETREG3
O95926,SYF2
Q58WW2,DCAF6
O14775,GNB5
Q9UK97,FBXO9
Q9NY72,SCN3B
Q3KQV9,UAP1L1
Q9BQT8,SLC25A21
Q14980,NUMA1
Q8IU81,IRF2BP1
Q9H213,MAGEH1
Q5VV63,ATRNL1
P63151,PPP2R2A
Q9UIV1,CNOT7
P59998,ARPC4
P16389,KCNA2
Q8TEY7,USP33
Q9Y5X2,SNX8
A0PK00,TMEM120B
Q12797,ASPH
Q7Z5L9,IRF2BP2
P08247,SYP
O43823,AKAP8
Q9UK80,USP21
Q5T9A4,ATAD3B
Q8IZ07,ANKRD13A
Q9UKY1,ZHX1
Q15020,SART3
Q8WW01,TSEN15
P78344,EIF4G2
Q9H9V9,JMJD4
P51946,CCNH
Q8WZ19,KCTD13
Q9H1K1,ISCU
Q86UN2,RTN4RL1
Q12872,SFSWAP
P55345,PRMT2
Q9UPY3,DICER1
Q9NXW9,ALKBH4
Q9P2G9,KLHL8
Q8TB22,SPATA20
Q6P1M0,SLC27A4
Q15572,TAF1C
Q8N6W0,CELF5
Q8IZN3,ZDHHC14
P11233,RALA
Q86XS8,RNF130
Q13009,TIAM1
O76024,WFS1
Q15032,R3HDM1
Q7Z5J4,RAI1
P11117,ACP2
P54578,USP14
P67936,TPM4
Q9HAH7,FBRS
Q9Y5E4,PCDHB5
Q6NT76,HMBOX1
O00507,USP9Y
Q6Y7W6,GIGYF2
O43597,SPRY2
Q92526,CCT6B
Q9Y3T9,NOC2L
Q13263,TRIM28
Q58EX2,SDK2
Q8IZL8,PELP1
Q7Z739,YTHDF3
P55957,BID
Q13155,AIMP2
P05129,PRKCG
Q8TEQ6,GEMIN5
O00560,SDCBP
Q96EK2,PHF21B
Q9Y618,NCOR2
P52803,EFNA5
Q8NFH3,NUP43
Q96T58,SPEN
P63098,PPP3R1
P67812,SEC11A
Q8NBI6,XXYLT1
P51511,MMP15
Q9NXH9,TRMT1
Q8NB50,ZFP62
Q9UGR2,ZC3H7B
Q6P4R8,NFRKB
Q7Z4H7,HAUS6
Q9ULK4,MED23
P57678,GEMIN4
Q96MG7,NSMCE3
Q4VC31,CCDC58
Q8TCT0,CERK
O95759,TBC1D8
P78362,SRPK2
O60678,PRMT3
Q05209,PTPN12
O95602,POLR1A
Q3ZCQ8,TIMM50
Q9BUR4,WRAP53
Q14CM0,FRMPD4
Q8TDN6,BRIX1
Q96NW7,LRRC7
O00471,EXOC5
Q99623,PHB2
Q9BR01,SULT4A1
A0AVF1,TTC26
Q8WYQ9,ZCCHC14
Q9BUN5,CCDC28B
O14640,DVL1
Q8IY17,PNPLA6
Q99996,AKAP9
Q8IWT0,ZBTB8OS
P98179,RBM3
Q15393,SF3B3
P98170,XIAP
Q92610,ZNF592
O00203,AP3B1
Q9P0I2,EMC3
Q9BSJ8,ESYT1
Q9P2Y5,UVRAG
Q8NC56,LEMD2
P00966,ASS1
Q92621,NUP205
P62316,SNRPD2
Q7Z3G6,PRICKLE2
Q99714,HSD17B10
Q86V48,LUZP1
O14682,ENC1
Q9NY59,SMPD3
Q8NBJ4,GOLM1
Q9BW62,KATNAL1
Q14558,PRPSAP1
Q14587,ZNF268
Q9NQ29,LUC7L
P40692,MLH1
Q6KCM7,SLC25A25
P18850,ATF6
Q8NFA0,USP32
Q9Y2Q0,ATP8A1
P23378,GLDC
O60832,DKC1
Q9P2J3,KLHL9
Q86X83,COMMD2
P08754,GNAI3
Q8N6T7,SIRT6
Q13243,SRSF5
Q9HCK4,ROBO2
Q99653,CHP1
P32297,CHRNA3
O94992,HEXIM1
Q9BU61,NDUFAF3
O14526,FCHO1
O60684,KPNA6
Q96GS4,BORCS6
Q86YD1,PTOV1
A5YKK6,CNOT1
Q86UT6,NLRX1
Q01064,PDE1B
Q99608,NDN
Q96CU9,FOXRED1
P50607,TUB
Q6U841,SLC4A10
Q8TD30,GPT2
Q96BY9,SARAF
Q96NW4,ANKRD27
Q7Z6I8,C5orf24
O94923,GLCE
Q96QR8,PURB
Q13685,AAMP
O75427,LRCH4
Q7LBC6,KDM3B
Q8WXG6,MADD
P37268,FDFT1
Q96L58,B3GALT6
Q9BPX7,C7orf25
Q10469,MGAT2
Q96F85,CNRIP1
Q9BUH8,BEGAIN
P41208,CETN2
Q9C040,TRIM2
Q9NVQ4,FAIM
Q8N350,CBARP
Q13636,RAB31
Q9NVX7,KBTBD4
O75081,CBFA2T3
O95260,ATE1
Q9NYJ7,DLL3
P17041,ZNF32
Q8IUQ0,CLVS1
Q9NRZ5,AGPAT4
Q7Z7H5,TMED4
Q9H0R1,AP5M1
Q03188,CENPC
Q5VST9,OBSCN
O75153,CLUH
P23528,CFL1
Q8N5F7,NKAP
Q66LE6,PPP2R2D
Q9P035,HACD3
O15021,MAST4
O75592,MYCBP2
P15259,PGAM2
P18074,ERCC2
Q13445,TMED1
Q9Y6E0,STK24
Q6ZSZ5,ARHGEF18
Q14677,CLINT1
P57081,WDR4
Q99747,NAPG
Q9BXJ3,C1QTNF4
Q155Q3,DIXDC1
P06213,INSR
Q13586,STIM1
Q6N069,NAA16
Q969E8,TSR2
P50995,ANXA11
Q2KHR3,QSER1
Q9Y3R0,GRIP1
P62280,RPS11
O95502,NPTXR
Q6IA86,ELP2
Q9H8Y5,ANKZF1
Q9UKR5,ERG28
O95402,MED26
P51812,RPS6KA3
Q9BYN8,MRPS26
Q05469,LIPE
Q8IWI9,MGA
O00329,PIK3CD
P07093,SERPINE2
Q9H425,C1orf198
P57723,PCBP4
Q5F1R6,DNAJC21
Q9HB20,PLEKHA3
Q49AM1,MTERF2
P04179,SOD2
Q96AG3,SLC25A46
Q9UHL9,GTF2IRD1
P52799,EFNB2
Q96NL0,RUNDC3B
Q7L311,ARMCX2
Q9Y243,AKT3
P12931,SRC
Q13952,NFYC
Q969Z0,TBRG4
Q9UQB8,BAIAP2
Q16281,CNGA3
Q9UBP0,SPAST
Q9Y295,DRG1
P68104,EEF1A1
Q9UJC5,SH3BGRL2
O00154,ACOT7
Q8NC96,NECAP1
P52848,NDST1
Q9UH62,ARMCX3
Q9P0L2,MARK1
Q9BV73,CEP250
O60568,PLOD3
Q15643,TRIP11
Q9Y4G8,RAPGEF2
Q96SZ6,CDK5RAP1
O43396,TXNL1
P21579,SYT1
Q96I15,SCLY
O75143,ATG13
Q01518,CAP1
Q13614,MTMR2
Q99733,NAP1L4
P80192,MAP3K9
Q7L8A9,VASH1
Q75VX8,GAREM2
Q9C0C2,TNKS1BP1
Q8N568,DCLK2
Q9GZZ1,NAA50
P11940,PABPC1
Q86XK2,FBXO11
Q8IYS2,KIAA2013
Q13085,ACACA
Q9NP66,HMG20A
Q9Y6X4,FAM169A
Q8IVT5,KSR1
P98172,EFNB1
A6NHL2,TUBAL3
Q9BY43,CHMP4A
Q15819,UBE2V2
Q8IYB1,MB21D2
Q9UGJ0,PRKAG2
Q96RT1,ERBIN
Q9BRP8,PYM1
Q96MH6,TMEM68
P00568,AK1
O14618,CCS
Q96MW7,TIGD1
Q6H8Q1,ABLIM2
P06748,NPM1
Q8IYB3,SRRM1
Q8TEU7,RAPGEF6
P31040,SDHA
Q5EB52,MEST
Q9Y312,AAR2
Q15067,ACOX1
Q9HBH5,RDH14
Q76NI1,KNDC1
Q8N5Z5,KCTD17
Q96PZ0,PUS7
Q96JA1,LRIG1
Q15008,PSMD6
O14874,BCKDK
Q6YBV0,SLC36A4
Q6NUM9,RETSAT
Q8IX01,SUGP2
Q9NZ53,PODXL2
P42166,TMPO
P32004,L1CAM
P29558,RBMS1
Q08945,SSRP1
P04181,OAT
P53677,AP3M2
Q9NZ01,TECR
Q86TU7,SETD3
P26641,EEF1G
Q9Y5W9,SNX11
P11142,HSPA8
Q8N8S7,ENAH
Q86YR5,GPSM1
Q9HCU4,CELSR2
Q8N111,CEND1
Q8TCA0,LRRC20
O94979,SEC31A
Q9Y463,DYRK1B
P00505,GOT2
Q6P158,DHX57
Q9Y4P3,TBL2
P29401,TKT
P32929,CTH
Q68DK7,MSL1
O43164,PJA2
Q6PJG9,LRFN4
Q6NTF9,RHBDD2
O95571,ETHE1
Q15843,NEDD8
Q5T5P2,KIAA1217
P25686,DNAJB2
Q8TB36,GDAP1
P36871,PGM1
Q9HCS7,XAB2
Q5BKZ1,ZNF326
Q9Y4E6,WDR7
Q10713,PMPCA
Q6PD74,AAGAB
Q6ICG6,KIAA0930
Q9H7D7,WDR26
O15126,SCAMP1
Q2MJR0,SPRED3
O15062,ZBTB5
O60749,SNX2
Q3KQU3,MAP7D1
P52429,DGKE
Q9BYT3,STK33
Q69YQ0,SPECC1L
Q96JC1,VPS39
Q86V59,PNMA8A
P78310,CXADR
P51570,GALK1
Q7Z6M4,MTERF4
P56537,EIF6
Q14657,LAGE3
Q13114,TRAF3
Q5H9R4,ARMCX4
P19387,POLR2C
Q9Y2Q3,GSTK1
Q96MX3,ZNF48
Q08554,DSC1
P54646,PRKAA2
P48200,IREB2
Q8TB96,ITFG1
Q9C0H5,ARHGAP39
Q562R1,ACTBL2
Q8NFP4,MDGA1
Q8N0Z8,PUSL1
Q86UW6,N4BP2
O75078,ADAM11
O00170,AIP
P40938,RFC3
Q9Y3A3,MOB4
Q9NS40,KCNH7
O60331,PIP5K1C
P42224,STAT1
Q96HS1,PGAM5
Q8N118,CYP4X1
Q9Y233,PDE10A
Q14194,CRMP1
Q14114,LRP8
P51151,RAB9A
Q2PPJ7,RALGAPA2
O75925,PIAS1
Q92796,DLG3
Q9UKV5,AMFR
Q96NC0,ZMAT2
Q53G59,KLHL12
Q15424,SAFB
P53384,NUBP1
O15212,PFDN6
P02786,TFRC
P00390,GSR
Q92484,SMPDL3A
P78345,RPP38
Q9P2F8,SIPA1L2
Q96C36,PYCR2
P78417,GSTO1
Q9P0U4,CXXC1
Q8N2Q7,NLGN1
Q2M296,MTHFSD
Q9NQG6,MIEF1
Q99519,NEU1
Q9H5K3,POMK
P17655,CAPN2
Q9NZM3,ITSN2
Q8NHQ9,DDX55
O60674,JAK2
Q04446,GBE1
O00748,CES2
P08621,SNRNP70
Q8N1G4,LRRC47
Q53HC9,EIPR1
P67809,YBX1
Q8TE02,ELP5
Q32P41,TRMT5
P48449,LSS
Q4G0J3,LARP7
Q5ST30,VARS2
P07339,CTSD
Q9H8M5,CNNM2
Q9Y6N8,CDH10
Q9Y6G9,DYNC1LI1
Q13555,CAMK2G
P56937,HSD17B7
O60739,EIF1B
Q9NRR4,DROSHA
Q9H900,ZWILCH
Q86TI2,DPP9
Q9Y580,RBM7
Q53EQ6,TIGD5
Q9Y2K7,KDM2A
Q12986,NFX1
Q9H8M7,MINDY3
Q86UP2,KTN1
P98198,ATP8B2
Q8N8U2,CDYL2
P49458,SRP9
P31943,HNRNPH1
Q9Y265,RUVBL1
Q9H2G2,SLK
Q92506,HSD17B8
Q13867,BLMH
Q6PJG6,BRAT1
Q9ULD0,OGDHL
Q9NYK6,EURL
Q63HK5,TSHZ3
Q8WUX9,CHMP7
P46087,NOP2
O60296,TRAK2
Q9NRR6,INPP5E
P61088,UBE2N
Q8IVH8,MAP4K3
Q9Y4K4,MAP4K5
Q9UJ83,HACL1
Q9Y316,MEMO1
Q9Y6G5,COMMD10
Q9Y6M5,SLC30A1
Q96AJ9,VTI1A
Q8N4S0,CCDC82
P35711,SOX5
Q9UET6,FTSJ1
Q9NW82,WDR70
Q12768,WASHC5
Q96LT9,RNPC3
Q9Y3Q0,NAALAD2
P61978,HNRNPK
Q9P0U3,SENP1
Q9H3Z4,DNAJC5
Q96LU5,IMMP1L
Q9P2F5,STOX2
Q2VWP7,PRTG
P17174,GOT1
P07711,CTSL
O94875,SORBS2
Q16254,E2F4
P10588,NR2F6
P43034,PAFAH1B1
O15534,PER1
Q86X40,LRRC28
Q14241,ELOA
Q01581,HMGCS1
A8MW92,PHF20L1
O00506,STK25
Q93096,PTP4A1
Q13585,GPR50
Q6IBS0,TWF2
Q7Z4Q2,HEATR3
Q5T1C6,THEM4
O75069,TMCC2
Q6GMV3,PTRHD1
Q16854,DGUOK
P84085,ARF5
Q96RT8,TUBGCP5
Q6NXE6,ARMC6
Q9NVM4,PRMT7
O14514,ADGRB1
Q9UDT6,CLIP2
O94888,UBXN7
Q8NFD5,ARID1B
Q15645,TRIP13
P18887,XRCC1
Q9NVR2,INTS10
Q6NXT4,SLC30A6
Q9NRR5,UBQLN4
Q15814,TBCC
Q9NQZ6,ZC4H2
Q9NZL4,HSPBP1
Q96ST2,IWS1
O14976,GAK
O75094,SLIT3
Q9Y365,STARD10
P35637,FUS
Q15286,RAB35
Q14CX7,NAA25
Q7Z7E8,UBE2Q1
Q9C0A0,CNTNAP4
Q9NWS0,PIH1D1
P12236,SLC25A6
Q5JTJ3,COA6
P09669,COX6C
Q9BVC5,C2orf49
Q8NEZ4,KMT2C
Q9BZE1,MRPL37
Q9Y5R8,TRAPPC1
Q7L1I2,SV2B
O15234,CASC3
Q9NVU0,POLR3E
P10645,CHGA
P51674,GPM6A
Q9H0K1,SIK2
Q68CL5,TPGS2
P16435,POR
O14559,ARHGAP33
Q99569,PKP4
Q9NWH9,SLTM
Q9BU89,DOHH
O95218,ZRANB2
Q8IXM6,NRM
Q9H078,CLPB
P28074,PSMB5
O60826,CCDC22
Q92879,CELF1
Q5EBL8,PDZD11
Q9H9Y6,POLR1B
O75525,KHDRBS3
Q9H8M2,BRD9
Q9Y6C9,MTCH2
Q96SK2,TMEM209
Q9NZ56,FMN2
P54289,CACNA2D1
Q8TE04,PANK1
Q9H4L5,OSBPL3
P53778,MAPK12
P55263,ADK
Q8IYD2,KLHDC8A
Q9UNI6,DUSP12
Q15464,SHB
P04040,CAT
Q6NYC1,JMJD6
Q5T3I0,GPATCH4
Q14781,CBX2
Q9UHJ6,SHPK
O60333,KIF1B
Q06323,PSME1
O75352,MPDU1
Q9HBM0,VEZT
Q8TBP6,SLC25A40
Q92805,GOLGA1
Q9Y2K6,USP20
Q9UBC3,DNMT3B
Q9UKM7,MAN1B1
Q13838,DDX39B
P21964,COMT
Q69YN4,VIRMA
P61604,HSPE1
P07738,BPGM
Q99447,PCYT2
O95490,ADGRL2
Q8IZD9,DOCK3
Q9UHY1,NRBP1
P49721,PSMB2
Q9H6R4,NOL6
Q7Z6J9,TSEN54
Q9NQ66,PLCB1
O15226,NKRF
Q92575,UBXN4
Q16842,ST3GAL2
Q9UPT8,ZC3H4
O75907,DGAT1
Q96GY3,LIN37
P98174,FGD1
Q13423,NNT
Q86UE8,TLK2
Q07954,LRP1
Q96EB6,SIRT1
Q8N7H5,PAF1
P0C870,JMJD7
P50851,LRBA
Q8NBM8,PCYOX1L
P36915,GNL1
O14545,TRAFD1
Q8TEB1,DCAF11
Q92616,GCN1
Q8WYL5,SSH1
Q9BSD7,NTPCR
Q9NQC8,IFT46
Q8NEZ5,FBXO22
O75385,ULK1
Q7Z3E2,CCDC186
Q8NFU5,IPMK
Q9NYR9,NKIRAS2
Q8IX15,HOMEZ
Q5JTZ9,AARS2
Q9NW64,RBM22
Q16555,DPYSL2
Q92834,RPGR
O75122,CLASP2
P48681,NES
P22307,SCP2
Q9NRG1,PRTFDC1
O94811,TPPP
Q9P0J0,NDUFA13
P55789,GFER
Q9Y3B8,REXO2
Q96FS4,SIPA1
Q6ZS30,NBEAL1
O94827,PLEKHG5
Q9NPB1,NT5M
P08243,ASNS
P05556,ITGB1
Q15054,POLD3
Q9NUS5,AP5S1
Q12809,KCNH2
Q8N4T8,CBR4
Q8IWV7,UBR1
Q96FZ7,CHMP6
O15399,GRIN2D
Q8NHP6,MOSPD2
O43684,BUB3
P51805,PLXNA3
Q8N9N5,BANP
Q9HCL2,GPAM
Q9UBP6,METTL1
Q149N8,SHPRH
O14964,HGS
Q13610,PWP1
Q9BSJ5,C17orf80
Q02446,SP4
Q8IY22,CMIP
Q8IVW8,SPNS2
P63165,SUMO1
O43314,PPIP5K2
Q99551,MTERF1
Q9C0H6,KLHL4
Q86XZ4,SPATS2
Q9Y4R8,TELO2
P11279,LAMP1
P35052,GPC1
Q9Y625,GPC6
Q99798,ACO2
P22059,OSBP
Q86TI0,TBC1D1
Q9H6E4,CCDC134
P61353,RPL27
Q9NU19,TBC1D22B
Q9H9S4,CAB39L
O60499,STX10
Q9BQD3,KXD1
O75064,DENND4B
A2RRP1,NBAS
Q92667,AKAP1
Q8N9N2,ASCC1
Q01082,SPTBN1
Q9H6S1,AZI2
Q8IW35,CEP97
Q9P219,CCDC88C
P10620,MGST1
Q9NTM9,CUTC
Q9BWN1,PRR14
Q9Y6R4,MAP3K4
P62913,RPL11
P18858,LIG1
O60292,SIPA1L3
Q58FF6,HSP90AB4P
Q15024,EXOSC7
P30049,ATP5F1D
Q9UBB6,NCDN
Q92567,FAM168A
Q9H1E3,NUCKS1
Q9Y237,PIN4
Q5T1R4,HIVEP3
Q5T1V6,DDX59
Q06203,PPAT
Q96RE7,NACC1
P34903,GABRA3
Q96T17,MAP7D2
O60266,ADCY3
Q9NPB6,PARD6A
P20337,RAB3B
Q9BR61,ACBD6
Q6P4A7,SFXN4
P15311,EZR
Q9NX40,OCIAD1
P05067,APP
O15379,HDAC3
Q8IW70,TMEM151B
Q63HN8,RNF213
O75530,EED
Q10570,CPSF1
Q12788,TBL3
Q96CW6,SLC7A6OS
O14880,MGST3
Q02809,PLOD1
Q8TBX8,PIP4K2C
P43686,PSMC4
Q9Y3B2,EXOSC1
Q9H871,RMND5A
Q9Y4X5,ARIH1
Q5TZA2,CROCC
Q8N5X7,EIF4E3
Q86WX3,RPS19BP1
O94772,LY6H
Q8NEF9,SRFBP1
P31153,MAT2A
Q9UPS6,SETD1B
Q6PKG0,LARP1
Q9Y2K2,SIK3
P42345,MTOR
Q9Y6K1,DNMT3A
Q14576,ELAVL3
Q96CB9,NSUN4
P06280,GLA
P05388,RPLP0
Q9UM54,MYO6
Q9BRF8,CPPED1
P54819,AK2
P78348,ASIC1
Q92576,PHF3
Q86VS8,HOOK3
Q9HBR0,SLC38A10
P49585,PCYT1A
Q86W56,PARG
Q9Y6I9,TEX264
Q9ULF5,SLC39A10
Q13404,UBE2V1
Q92917,GPKOW
Q8N5U6,RNF10
Q9Y546,LRRC42
O96011,PEX11B
O14979,HNRNPDL
Q9Y224,RTRAF
Q99471,PFDN5
Q15436,SEC23A
Q8TCY9,URGCP
P41240,CSK
Q9Y4C4,MFHAS1
Q8IYT8,ULK2
Q9H6Z4,RANBP3
P62750,RPL23A
Q9UPZ3,HPS5
Q96ST3,SIN3A
Q14CW9,ATXN7L3
Q9UQR1,ZNF148
O14763,TNFRSF10B
O14802,POLR3A
Q13368,MPP3
Q5BJH7,YIF1B
O75694,NUP155
Q96C19,EFHD2
Q9BZH6,WDR11
Q13310,PABPC4
Q9UBG0,MRC2
Q9BQG2,NUDT12
Q6ZNB6,NFXL1
P26373,RPL13
O95073,FSBP
Q13492,PICALM
Q96IK1,BOD1
Q9NYK5,MRPL39
Q9UHX1,PUF60
Q13825,AUH
Q7L5Y6,DET1
Q9Y673,ALG5
Q9UK41,VPS28
Q12849,GRSF1
Q9Y3E5,PTRH2
Q9H9Z2,LIN28A
Q9NZ09,UBAP1
Q8WUZ0,BCL7C
Q16566,CAMK4
P62258,YWHAE
Q14155,ARHGEF7
Q2M1P5,KIF7
Q9UBN7,HDAC6
Q04917,YWHAH
A0MZ66,SHTN1
Q13191,CBLB
A6NFI3,ZNF316
Q9Y4I1,MYO5A
Q86WJ1,CHD1L
Q96A83,COL26A1
Q8IZY2,ABCA7
Q8N3Y1,FBXW8
P54619,PRKAG1
Q9NZJ7,MTCH1
Q92624,APPBP2
Q9H2B2,SYT4
Q07666,KHDRBS1
Q9HA64,FN3KRP
Q9UQ03,CORO2B
Q8NI27,THOC2
Q13616,CUL1
Q6P3S1,DENND1B
Q14683,SMC1A
P30874,SSTR2
Q9UHI6,DDX20
Q12980,NPRL3
Q3B7T1,EDRF1
P32121,ARRB2
O14641,DVL2
Q7L014,DDX46
Q86U42,PABPN1
Q6P4Q7,CNNM4
O43791,SPOP
Q9H0G5,NSRP1
Q9NXX6,NSMCE4A
Q9UBI1,COMMD3
Q7L985,LINGO2
Q6P1J9,CDC73
Q8N9I0,SYT2
Q86VP3,PACS2
Q86U44,METTL3
Q6UWE0,LRSAM1
Q86VP6,CAND1
P50479,PDLIM4
Q8N3Z3,GTPBP8
Q8WU90,ZC3H15
Q9Y4C5,CHST2
Q5U5X0,LYRM7
Q8N4P2,TTC30B
Q8N5M4,TTC9C
Q9BTY2,FUCA2
Q9ULR0,ISY1
P51817,PRKX
P36897,TGFBR1
Q9Y5M8,SRPRB
Q13617,CUL2
O15145,ARPC3
Q14964,RAB39A
P04198,MYCN
Q14681,KCTD2
Q8NCW6,GALNT11
O75223,GGCT
Q9UFN0,NIPSNAP3A
Q96BM9,ARL8A
Q9P2S5,WRAP73
Q15173,PPP2R5B
Q8TF47,ZFP90
Q9H0X4,FAM234A
P09622,DLD
Q7L8L6,FASTKD5
Q13219,PAPPA
Q5SWX8,ODR4
Q99757,TXN2
P31689,DNAJA1
O15042,U2SURP
O75607,NPM3
Q16401,PSMD5
Q5JTW2,CEP78
O60573,EIF4E2
A2AJT9,BCLAF3
Q9UKK9,NUDT5
P38646,HSPA9
Q8NDY3,ADPRHL1
Q9UPY8,MAPRE3
Q8WZA2,RAPGEF4
P36896,ACVR1B
Q9P278,FNIP2
Q969K3,RNF34
Q53GT1,KLHL22
O00541,PES1
Q92738,USP6NL
Q14919,DRAP1
O75398,DEAF1
Q99081,TCF12
P62424,RPL7A
Q99523,SORT1
Q9NZN8,CNOT2
Q49AR2,C5orf22
Q9BPX5,ARPC5L
Q9UNF1,MAGED2
P61758,VBP1
Q86TA1,MOB3B
Q08499,PDE4D
P20338,RAB4A
O75326,SEMA7A
Q9H2H8,PPIL3
Q9NXV6,CDKN2AIP
Q5VT40,FAM78B
Q9BPY3,FAM118B
O95551,TDP2
P53007,SLC25A1
O60336,MAPKBP1
O15230,LAMA5
P62993,GRB2
Q9BPX3,NCAPG
Q96GD0,PDXP
Q8IXF0,NPAS3
Q9Y4C0,NRXN3
P09493,TPM1
P22392,NME2
Q5T280,SPOUT1
Q9HCS5,EPB41L4A
Q8IVW6,ARID3B
P06132,UROD
Q5TCQ9,MAGI3
Q14183,DOC2A
Q14320,FAM50A
Q8NDT2,RBM15B
Q96N46,TTC14
Q9BSA4,TTYH2
P05060,CHGB
Q9BSH5,HDHD3
P01130,LDLR
Q8NFY4,SEMA6D
Q9P273,TENM3
O75165,DNAJC13
Q9GZQ3,COMMD5
Q9UKG1,APPL1
O95299,NDUFA10
Q16394,EXT1
P04216,THY1
Q14249,ENDOG
Q14554,PDIA5
Q86U86,PBRM1
Q9NQT4,EXOSC5
Q9BQG0,MYBBP1A
P08727,KRT19
O75145,PPFIA3
Q9BTA9,WAC
O75182,SIN3B
Q9H845,ACAD9
Q68D10,SPTY2D1
O43808,SLC25A17
Q8N8K9,KIAA1958
Q86TM6,SYVN1
Q9Y2A7,NCKAP1
Q96IW2,SHD
Q96JG6,VPS50
Q969Y2,GTPBP3
Q92793,CREBBP
P51687,SUOX
Q12981,BNIP1
Q8IWJ2,GCC2
Q3KR37,GRAMD1B
Q9Y2Z9,COQ6
P26012,ITGB8
Q9H898,ZMAT4
Q9UJ04,TSPYL4
Q8TAA9,VANGL1
Q96C12,ARMC5
Q6DN14,MCTP1
O14994,SYN3
Q9NW08,POLR3B
P61026,RAB10
Q8NCJ5,SPRYD3
Q96T51,RUFY1
Q9BW83,IFT27
O75312,ZPR1
Q9HC52,CBX8
Q15652,JMJD1C
Q4ZIN3,TMEM259
Q9UGH3,SLC23A2
P00813,ADA
O95219,SNX4
Q16623,STX1A
Q7Z7L7,ZER1
A1X283,SH3PXD2B
O43809,NUDT21
Q9ULD9,ZNF608
Q9Y217,MTMR6
Q17RY0,CPEB4
P31942,HNRNPH3
P26440,IVD
P26992,CNTFR
O14672,ADAM10
O95104,SCAF4
P25098,GRK2
P62942,FKBP1A
Q7Z7L9,ZSCAN2
Q9NNW5,WDR6
P43155,CRAT
P50552,VASP
P05141,SLC25A5
Q96FV9,THOC1
O00303,EIF3F
Q9UPN4,CEP131
Q9Y697,NFS1
Q9HCK8,CHD8
Q03393,PTS
P58546,MTPN
O00445,SYT5
P52701,MSH6
O43837,IDH3B
Q9NQ86,TRIM36
P09936,UCHL1
P19525,EIF2AK2
Q9Y6X5,ENPP4
P05387,RPLP2
Q7RTP0,NIPA1
Q15293,RCN1
O15060,ZBTB39
P80365,HSD11B2
Q8TB72,PUM2
B7ZAP0,RABGAP1L
O95163,ELP1
Q7Z3K3,POGZ
Q9P2P5,HECW2
Q9BTE6,AARSD1
P46100,ATRX
Q8N474,SFRP1
Q8IVM0,CCDC50
P38919,EIF4A3
Q9H7N4,SCAF1
Q6F5E8,CARMIL2
Q8WXI9,GATAD2B
Q7Z3U7,MON2
Q01650,SLC7A5
O95630,STAMBP
Q8TCG1,CIP2A
Q9P0K1,ADAM22
Q969M3,YIPF5
Q9Y4K3,TRAF6
P07910,HNRNPC
Q7Z5K2,WAPL
O60237,PPP1R12B
Q3L8U1,CHD9
Q4KMP7,TBC1D10B
Q712K3,UBE2R2
Q13442,PDAP1
Q9NPI1,BRD7
Q9Y3P9,RABGAP1
Q5R372,RABGAP1L
Q96AG4,LRRC59
Q641Q2,WASHC2A
Q9BY50,SEC11C
P30622,CLIP1
Q9NY93,DDX56
O14933,UBE2L6
Q12913,PTPRJ
Q13501,SQSTM1
Q99985,SEMA3C
Q969M1,TOMM40L
Q6PJT7,ZC3H14
Q7Z6L0,PRRT2
P46781,RPS9
P27348,YWHAQ
P22061,PCMT1
Q96MG8,PCMTD1
Q86U70,LDB1
Q6PI98,INO80C
Q14686,NCOA6
Q5VUB5,FAM171A1
Q9UBK9,UXT
O75503,CLN5
Q2VPB7,AP5B1
Q9UPN3,MACF1
Q6UXV4,APOOL
Q99549,MPHOSPH8
O94854,KIAA0754
O43765,SGTA
Q8N8R7,ARL14EP
P62277,RPS13
O95347,SMC2
O95373,IPO7
P17026,ZNF22
O60869,EDF1
P14324,FDPS
O60343,TBC1D4
Q9NW75,GPATCH2
Q92636,NSMAF
Q8WUQ7,CACTIN
Q9H0U6,MRPL18
P15586,GNS
Q8TBE9,NANP
P02794,FTH1
Q8TD43,TRPM4
O75147,OBSL1
Q9Y2M5,KLHL20
P22830,FECH
Q9ULL5,PRR12
O75486,SUPT3H
Q9NTZ6,RBM12
Q5BJF6,ODF2
Q14331,FRG1
Q7Z6Z7,HUWE1
Q9UJX2,CDC23
Q6NTE8,MRNIP
Q9H1Z4,WDR13
P63313,TMSB10
Q86X55,CARM1
Q86UU0,BCL9L
Q9H4G0,EPB41L1
O95716,RAB3D
Q08999,RBL2
O43795,MYO1B
O60927,PPP1R11
P20962,PTMS
P07942,LAMB1
O14929,HAT1
Q9NXW2,DNAJB12
Q96RF0,SNX18
O15400,STX7
Q9UHW5,GPN3
Q9P246,STIM2
Q9BXM9,FSD1L
P41219,PRPH
Q8NC44,RETREG2
Q9Y696,CLIC4
Q9H2F5,EPC1
Q96BW1,UPRT
Q9Y4F3,MARF1
Q9NUQ3,TXLNG
Q3LXA3,TKFC
O15067,PFAS
Q9UNA1,ARHGAP26
Q4G0N4,NADK2
Q9GZZ9,UBA5
Q969P0,IGSF8
Q96EP1,CHFR
Q9NPA0,EMC7
Q8IZ73,RPUSD2
Q9UJD0,RIMS3
Q9UQ13,SHOC2
O15143,ARPC1B
Q4KMQ2,ANO6
Q13163,MAP2K5
Q9BRT2,UQCC2
Q6YP21,KYAT3
P00533,EGFR
P51398,DAP3
Q9H8Y8,GORASP2
Q13237,PRKG2
Q5VZL5,ZMYM4
Q96HU1,SGSM3
P51572,BCAP31
Q969F9,HPS3
O43815,STRN
Q9Y678,COPG1
Q9UBQ0,VPS29
Q8IZD0,SAMD14
Q9HBL8,NMRAL1
Q9P2J9,PDP2
O14867,BACH1
A6H8Y1,BDP1
P30825,SLC7A1
Q9C0D6,FHDC1
Q13126,MTAP
Q8IY63,AMOTL1
Q9NX18,SDHAF2
P26374,CHML
Q14814,MEF2D
Q01831,XPC
Q12929,EPS8
Q12906,ILF3
O95278,EPM2A
Q5XUX1,FBXW9
Q05193,DNM1
Q9Y3Q8,TSC22D4
P78504,JAG1
Q96MW1,CCDC43
O15217,GSTA4
P82094,TMF1
O15033,AREL1
Q13033,STRN3
Q9HC62,SENP2
P24928,POLR2A
O75529,TAF5L
Q9H936,SLC25A22
P78563,ADARB1
Q9BYT8,NLN
Q9H501,ESF1
Q8NDN9,RCBTB1
P51948,MNAT1
Q86XT2,VPS37D
P42356,PI4KA
Q8N6T3,ARFGAP1
P29320,EPHA3
Q6ZU65,UBN2
Q9BWL3,C1orf43
Q00537,CDK17
P06733,ENO1
P05771,PRKCB
Q9BVL4,SELENOO
Q9NXG2,THUMPD1
Q16630,CPSF6
Q13216,ERCC8
A6NJ78,METTL15
Q96PV7,FAM193B
Q6P2C8,MED27
Q9UGM6,WARS2
Q13796,SHROOM2
Q14696,MESD
P30039,PBLD
Q13620,CUL4B
Q14849,STARD3
Q13029,PRDM2
P51452,DUSP3
Q8TEA1,NSUN6
Q8WYB5,KAT6B
Q15036,SNX17
O95672,ECEL1
P16671,CD36
Q9BZJ0,CRNKL1
Q12967,RALGDS
P78560,CRADD
O95625,ZBTB11
Q14232,EIF2B1
O43674,NDUFB5
Q96SN8,CDK5RAP2
Q9UJZ1,STOML2
Q9UQL6,HDAC5
P09972,ALDOC
Q9H9B1,EHMT1
Q14149,MORC3
Q93009,USP7
Q15111,PLCL1
Q15029,EFTUD2
P83916,CBX1
P09012,SNRPA
Q8WZA0,LZIC
P41227,NAA10
Q7Z7B1,PIGW
Q9Y3I0,RTCB
Q86XL3,ANKLE2
Q7Z6K5,ARPIN
Q96CW9,NTNG2
Q9H237,PORCN
Q9UP83,COG5
Q13576,IQGAP2
P62304,SNRPE
Q13217,DNAJC3
P00395,MT-CO1
O60524,NEMF
Q15404,RSU1
P62166,NCS1
Q86UE4,MTDH
Q9UPR5,SLC8A2
Q8N0U8,VKORC1L1
O14776,TCERG1
O15013,ARHGEF10
P82675,MRPS5
Q92963,RIT1
O75056,SDC3
P78357,CNTNAP1
Q07866,KLC1
Q96PQ0,SORCS2
Q15397,PUM3
P08574,CYC1
Q15788,NCOA1
P51513,NOVA1
P61163,ACTR1A
Q9Y6B7,AP4B1
Q13769,THOC5
Q13416,ORC2
O75581,LRP6
P00558,PGK1
Q9Y6B6,SAR1B
Q96FC7,PHYHIPL
P28370,SMARCA1
Q16538,GPR162
Q8IWT3,CUL9
Q8N135,LGI4
Q8NCF5,NFATC2IP
Q9BVI0,PHF20
P42285,MTREX
Q9BQ16,SPOCK3
Q6P1X5,TAF2
Q9NS69,TOMM22
P27694,RPA1
Q13158,FADD
Q9UGU0,TCF20
Q9HC96,CAPN10
Q96BN8,OTULIN
Q9C091,GREB1L
Q8TDD1,DDX54
Q9BW27,NUP85
P07205,PGK2
Q9Y5Y5,PEX16
Q6IQ19,CCSAP
Q9BTY7,HGH1
Q9P217,ZSWIM5
P18583,SON
Q9UQ16,DNM3
P61006,RAB8A
P48029,SLC6A8
Q9Y3T6,R3HCC1
Q9BSU1,C16orf70
O15083,ERC2
Q6P1L5,FAM117B
Q9H3S7,PTPN23
Q07021,C1QBP
Q6ZUT9,DENND5B
O43395,PRPF3
Q12756,KIF1A
Q99829,CPNE1
Q8IXT5,RBM12B
O75354,ENTPD6
P22087,FBL
Q96N21,TEPSIN
Q86W42,THOC6
Q4U2R6,MRPL51
Q8N122,RPTOR
O94901,SUN1
Q8N3E9,PLCD3
Q8N157,AHI1
Q96G01,BICD1
O15144,ARPC2
Q00839,HNRNPU
P42568,MLLT3
O76021,RSL1D1
P35237,SERPINB6
Q5TC82,RC3H1
P09497,CLTB
O95714,HERC2
Q9HAS0,C17orf75
Q8N128,FAM177A1
P22626,HNRNPA2B1
Q8IZA0,KIAA0319L
Q66PJ3,ARL6IP4
Q01804,OTUD4
Q08J23,NSUN2
Q9UBF8,PI4KB
Q9P2E3,ZNFX1
Q86UZ6,ZBTB46
Q5TC12,ATPAF1
O75110,ATP9A
P11217,PYGM
Q8N5C6,SRBD1
Q8NEZ3,WDR19
Q96Q04,LMTK3
Q8WWL2,SPIRE2
Q5JPI9,EEF1AKMT2
Q96BX8,MOB3A
Q9ULM3,YEATS2
Q16849,PTPRN
Q9Y314,NOSIP
Q9NRC1,ST7
Q9Y2Z0,SUGT1
Q13308,PTK7
P22670,RFX1
Q96BJ3,AIDA
Q9NRL2,BAZ1A
O95168,NDUFB4
Q8WUA4,GTF3C2
Q96D71,REPS1
Q96TA2,YME1L1
O94779,CNTN5
Q6QNY0,BLOC1S3
O14646,CHD1
Q8N0U4,FAM185A
P49915,GMPS
P08708,RPS17
P43246,MSH2
P18085,ARF4
Q5T4D3,TMTC4
P17017,ZNF14
P62328,TMSB4X
Q9BTE7,DCUN1D5
Q9Y296,TRAPPC4
Q96AY4,TTC28
Q9H5Z1,DHX35
Q8WYP5,AHCTF1
Q9H2M9,RAB3GAP2
Q86V15,CASZ1
Q9UGU5,HMGXB4
P29762,CRABP1
Q14257,RCN2
P24043,LAMA2
Q6Y288,B3GLCT
P42696,RBM34
O43325,LYRM1
O00423,EML1
Q13387,MAPK8IP2
Q92556,ELMO1
Q9HC35,EML4
P54253,ATXN1
Q9UHD9,UBQLN2
Q9Y426,C2CD2
Q13049,TRIM32
P62857,RPS28
Q9Y6N1,COX11
Q16643,DBN1
Q14152,EIF3A
P15822,HIVEP1
P79522,PRR3
P09874,PARP1
Q9HAU0,PLEKHA5
O15294,OGT
Q9H000,MKRN2
P53990,IST1
P10619,CTSA
P49754,VPS41
Q01167,FOXK2
Q4ADV7,RIC1
Q8IY26,PLPP6
Q96HY6,DDRGK1
Q9UHB9,SRP68
Q6PML9,SLC30A9
Q15910,EZH2
P43487,RANBP1
A6NHX0,CASTOR2
O43660,PLRG1
Q9Y259,CHKB
Q9UKV8,AGO2
Q96LZ7,RMDN2
Q5T7V8,GORAB
Q6STE5,SMARCD3
Q5VWZ2,LYPLAL1
Q8WWW0,RASSF5
Q14151,SAFB2
Q86UK7,ZNF598
Q3B820,FAM161A
Q70CQ4,USP31
Q8IUZ0,LRRC49
Q9UL40,ZNF346
Q15025,TNIP1
Q8NDA8,MROH1
P48444,ARCN1
Q14191,WRN
O00189,AP4M1
P82979,SARNP
Q9H2J4,PDCL3
Q12873,CHD3
Q8IUH3,RBM45
Q9Y2L6,FRMD4B
P51991,HNRNPA3
P49848,TAF6
Q13177,PAK2
Q9UNZ2,NSFL1C
P54886,ALDH18A1
P36639,NUDT1
Q05086,UBE3A
Q96P47,AGAP3
P49427,CDC34
O43318,MAP3K7
Q52MB2,CCDC184
P15735,PHKG2
Q99816,TSG101
P59923,ZNF445
Q7Z401,DENND4A
O75564,JRK
Q96F86,EDC3
Q9UBT2,UBA2
Q13905,RAPGEF1
P36507,MAP2K2
P61011,SRP54
A7E2V4,ZSWIM8
Q68E01,INTS3
Q9UBH6,XPR1
P50991,CCT4
Q8WY41,NANOS1
Q13618,CUL3
Q9NT62,ATG3
Q9BV81,EMC6
Q8IXQ4,GPALPP1
Q15833,STXBP2
Q2Y0W8,SLC4A8
Q00577,PURA
Q8WXA3,RUFY2
Q9H5U6,ZCCHC4
Q8IVS2,MCAT
Q9UIK5,TMEFF2
Q9Y221,NIP7
Q8N141,ZFP82
Q96HH4,TMEM169
Q8TB40,ABHD4
Q6ZNW5,GDPGP1
Q5VWQ8,DAB2IP
Q9HB21,PLEKHA1
Q86U38,NOP9
Q6YN16,HSDL2
O95249,GOSR1
Q7Z7M0,MEGF8
Q5T4S7,UBR4
Q5MNZ6,WDR45B
Q7Z5L2,R3HCC1L
O60762,DPM1
P13645,KRT10
P53365,ARFIP2
Q99755,PIP5K1A
Q14185,DOCK1
O94818,NOL4
Q02878,RPL6
Q9NVS2,MRPS18A
P57772,EEFSEC
P16930,FAH
Q9BRL6,SRSF8
Q92844,TANK
Q16512,PKN1
Q9NWY4,HPF1
P50914,RPL14
Q9H7Z6,KAT8
Q96BY7,ATG2B
Q9UPX8,SHANK2
Q8NBI3,DRAXIN
Q9HA38,ZMAT3
P53999,SUB1
Q9H4B0,OSGEPL1
O94855,SEC24D
Q9Y6M9,NDUFB9
O00330,PDHX
Q9UEG4,ZNF629
O43299,AP5Z1
P11362,FGFR1
P06730,EIF4E
Q8N1F7,NUP93
P08069,IGF1R
P34932,HSPA4
O00479,HMGN4
Q9UKA4,AKAP11
Q96I34,PPP1R16A
Q8N3X6,LCORL
Q96RV3,PCNX1
Q7L3T8,PARS2
P51571,SSR4
Q15233,NONO
Q9UKU7,ACAD8
Q7L1T6,CYB5R4
Q9H0F6,SHARPIN
Q9UKY4,POMT2
P49441,INPP1
Q9Y4C1,KDM3A
Q9NZC3,GDE1
Q9NWU1,OXSM
P49590,HARS2
P40227,CCT6A
Q15070,OXA1L
P46782,RPS5
Q9H2A9,CHST8
P31152,MAPK4
P11388,TOP2A
Q96BZ9,TBC1D20
O15297,PPM1D
Q9H1K0,RBSN
O15254,ACOX3
P17612,PRKACA
Q8NHP8,PLBD2
P54259,ATN1
Q9C0H9,SRCIN1
Q9NX74,DUS2
P30419,NMT1
Q13136,PPFIA1
Q96EQ0,SGTB
Q99808,SLC29A1
Q99614,TTC1
P61221,ABCE1
Q9NUQ6,SPATS2L
Q3ZCW2,LGALSL
Q9Y3A5,SBDS
Q06278,AOX1
Q8N3J6,CADM2
Q13131,PRKAA1
Q9Y6D5,ARFGEF2
Q9UF56,FBXL17
Q9Y4W6,AFG3L2
Q8IWQ3,BRSK2
Q8NDH6,ICA1L
Q8N2K1,UBE2J2
Q8NCP5,ZBTB44
Q96GX9,APIP
P25788,PSMA3
Q9Y276,BCS1L
P00492,HPRT1
Q12789,GTF3C1
P37837,TALDO1
Q9NUQ8,ABCF3
P10606,COX5B
P23786,CPT2
Q86V97,KBTBD6
O14832,PHYH
P34913,EPHX2
Q9H819,DNAJC18
Q9BPU6,DPYSL5
P0DPB6,POLR1D
Q92896,GLG1
O94955,RHOBTB3
Q9UK45,LSM7
Q9NUP9,LIN7C
Q8IWE4,DCUN1D3
P52926,HMGA2
P05937,CALB1
O14920,IKBKB
Q9BXI6,TBC1D10A
Q5T3J3,LRIF1
Q00169,PITPNA
A9UHW6,MIF4GD
O60476,MAN1A2
Q9P2D3,HEATR5B
Q9H4E7,DEF6
O60831,PRAF2
P43243,MATR3
Q9NSI6,BRWD1
Q8TBN0,RAB3IL1
P51157,RAB28
P57740,NUP107
Q9Y5Z4,HEBP2
Q8NE01,CNNM3
Q96B26,EXOSC8
O75129,ASTN2
Q8TCU5,GRIN3A
Q96I51,RCC1L
Q8N1I0,DOCK4
Q15369,ELOC
Q9H1Y0,ATG5
Q8NFV4,ABHD11
Q9NUI1,DECR2
Q9UJU6,DBNL
Q15906,VPS72
P62508,ESRRG
Q8NCM8,DYNC2H1
Q96H79,ZC3HAV1L
Q6RI45,BRWD3
O43529,CHST10
P15907,ST6GAL1
P49790,NUP153
Q9UNS2,COPS3
Q86V88,MDP1
Q96LD1,SGCZ
Q9H3U1,UNC45A
O60551,NMT2
Q9H706,GAREM1
Q96IV0,NGLY1
Q9BYB4,GNB1L
Q9BQ24,ZFYVE21
Q9HCC0,MCCC2
Q13023,AKAP6
Q9NQX7,ITM2C
O60443,GSDME
Q9NYF8,BCLAF1
Q8TD16,BICD2
Q96FT7,ASIC4
O75691,UTP20
Q68DH5,LMBRD2
O60508,CDC40
O95881,TXNDC12
Q92625,ANKS1A
Q9Y5Y0,FLVCR1
Q8NCA5,FAM98A
O75351,VPS4B
Q9NTJ5,SACM1L
O95817,BAG3
O43852,CALU
P04066,FUCA1
Q96AP0,ACD
Q9BZZ5,API5
O00116,AGPS
Q96JH7,VCPIP1
Q9P1F3,ABRACL
Q8NA03,FSIP1
P14543,NID1
Q08397,LOXL1
Q8IVD9,NUDCD3
Q9H269,VPS16
Q13247,SRSF6
Q9BUZ4,TRAF4
Q9UM13,ANAPC10
Q9H0R4,HDHD2
Q9H2H0,CXXC4
P61587,RND3
Q15208,STK38
Q8N475,FSTL5
P40926,MDH2
Q5TFE4,NT5DC1
Q3SYG4,BBS9
Q9BRK4,LZTS2
Q9H0V1,TMEM168
P99999,CYCS
Q504Q3,PAN2
P49354,FNTA
O96001,PPP1R17
Q6NSZ9,ZSCAN25
O95873,C6orf47
Q6PD62,CTR9
Q8WWK9,CKAP2
Q9Y6Q9,NCOA3
Q92620,DHX38
Q9Y263,PLAA
Q8N137,CNTROB
Q9NSB8,HOMER2
P46821,MAP1B
P27824,CANX
Q00610,CLTC
A8K855,EFCAB7
Q7RTS9,DYM
Q9H2J7,SLC6A15
P29144,TPP2
Q5SNT2,TMEM201
O15078,CEP290
Q15818,NPTX1
O95182,NDUFA7
P53675,CLTCL1
Q7L099,RUFY3
Q96N67,DOCK7
O14530,TXNDC9
P55209,NAP1L1
O75582,RPS6KA5
Q9BT22,ALG1
Q16576,RBBP7
A6NKD9,CCDC85C
Q9UNW1,MINPP1
Q9BQC3,DPH2
Q8IUD2,ERC1
P35241,RDX
P22695,UQCRC2
Q8TEV9,SMCR8
P46734,MAP2K3
P04075,ALDOA
O43390,HNRNPR
Q13084,MRPL28
Q8WVM8,SCFD1
Q9Y230,RUVBL2
Q9UPW5,AGTPBP1
Q96KM6,ZNF512B
Q9Y5E7,PCDHB2
Q9NXE4,SMPD4
Q9BRQ6,CHCHD6
Q9Y320,TMX2
Q9C0C7,AMBRA1
Q99504,EYA3
Q9NV88,INTS9
Q9P227,ARHGAP23
Q9NZL9,MAT2B
Q9UGT4,SUSD2
Q9ULW0,TPX2
P34897,SHMT2
Q3T8J9,GON4L
Q5JPF3,ANKRD36C
P63010,AP2B1
Q9H6F5,CCDC86
Q86TW2,ADCK1
Q9UIG0,BAZ1B
O96013,PAK4
P11171,EPB41
Q9BT78,COPS4
Q12955,ANK3
Q6PFW1,PPIP5K1
Q86SQ0,PHLDB2
O94973,AP2A2
O43493,TGOLN2
Q9NQR7,CCDC177
Q9UPQ0,LIMCH1
O60784,TOM1
Q9H3Q1,CDC42EP4
Q96S06,LMF1
Q3MIX3,ADCK5
Q6P1N9,TATDN1
P52746,ZNF142
Q5THJ4,VPS13D
Q9BQF6,SENP7
P17480,UBTF
Q13190,STX5
Q9UL25,RAB21
Q7Z2Z2,EFL1
O60942,RNGTT
Q15637,SF1
O00193,SMAP
Q96JJ7,TMX3
Q9P2X3,IMPACT
Q9BTT0,ANP32E
Q5T2E6,ARMH3
Q6RFH5,WDR74
Q9NVP1,DDX18
Q6VN20,RANBP10
Q01415,GALK2
A7MBM2,DISP2
Q9C0G0,ZNF407
P49418,AMPH
Q6V1X1,DPP8
Q9Y4G6,TLN2
Q9NPL8,TIMMDC1
Q9Y2G3,ATP11B
Q6UXK5,LRRN1
P51114,FXR1
Q8IUH4,ZDHHC13
Q9H1A4,ANAPC1
Q9H3R0,KDM4C
O75787,ATP6AP2
Q96A65,EXOC4
Q92777,SYN2
O75155,CAND2
O95707,POP4
Q96NB3,ZNF830
Q9ULK6,RNF150
P14174,MIF
Q9P1Z3,HCN3
Q9Y5L0,TNPO3
P30041,PRDX6
O14818,PSMA7
Q9UBS5,GABBR1
Q8WX92,NELFB
P82912,MRPS11
Q17R98,ZNF827
P26885,FKBP2
Q8TAQ2,SMARCC2
Q03468,ERCC6
Q6N021,TET2
Q9Y3Z3,SAMHD1
Q9P2B2,PTGFRN
P52758,RIDA
Q6NYC8,PPP1R18
Q50LG9,LRRC24
Q01970,PLCB3
Q9BYD3,MRPL4
Q9HCK1,ZDBF2
O43670,ZNF207
P37275,ZEB1
O75038,PLCH2
Q92974,ARHGEF2
Q16828,DUSP6
Q9NV79,PCMTD2
P54725,RAD23A
Q71SY5,MED25
Q13017,ARHGAP5
P52597,HNRNPF
P57058,HUNK
Q8IXS6,PALM2
P31327,CPS1
P16157,ANK1
Q9Y5S2,CDC42BPB
Q6Y2X3,DNAJC14
Q6IQ55,TTBK2
A2RU67,FAM234B
Q9H9G7,AGO3
O00519,FAAH
Q6ZNA1,ZNF836
P18077,RPL35A
P98194,ATP2C1
Q8N3C0,ASCC3
Q96DW6,SLC25A38
Q7Z4G1,COMMD6
Q9H254,SPTBN4
P22413,ENPP1
Q9H9J2,MRPL44
Q5VSL9,STRIP1
Q8IXS8,FAM126B
Q9UK17,KCND3
P52824,DGKQ
O75663,TIPRL
Q9NVK5,FGFR1OP2
O95628,CNOT4
Q96QD9,FYTTD1
Q8IWZ6,BBS7
Q9UI09,NDUFA12
Q9UQ53,MGAT4B
Q5GLZ8,HERC4
Q96LA8,PRMT6
Q9NVW2,RLIM
Q15459,SF3A1
Q8N201,INTS1
P49137,MAPKAPK2
Q8NC60,NOA1
Q9P2Q2,FRMD4A
Q14982,OPCML
Q5H9R7,PPP6R3
P49842,STK19
O14647,CHD2
Q92538,GBF1
Q15185,PTGES3
P11172,UMPS
Q99698,LYST
P28340,POLD1
Q96E22,NUS1
Q13439,GOLGA4
Q7KZF4,SND1
O95948,ONECUT2
Q86VM9,ZC3H18
P27448,MARK3
Q56VL3,OCIAD2
Q10571,MN1
P58107,EPPK1
Q13557,CAMK2D
O60341,KDM1A
Q9UGC7,MTRF1L
Q9UBD5,ORC3
Q08345,DDR1
Q8WYA0,IFT81
Q9BR76,CORO1B
O75534,CSDE1
P07602,PSAP
P19634,SLC9A1
Q9NQ92,COPRS
Q9Y6J9,TAF6L
Q9NZJ4,SACS
Q9UMX1,SUFU
Q5JTD7,LRRC73
Q9Y483,MTF2
O75175,CNOT3
O43402,EMC8
Q8TBM8,DNAJB14
P26006,ITGA3
Q8TDI0,CHD5
Q9UKD2,MRTO4
Q9HD20,ATP13A1
Q9BZF1,OSBPL8
P30038,ALDH4A1
Q14137,BOP1
P53985,SLC16A1
O14795,UNC13B
P10721,KIT
Q2VPK5,CTU2
P50453,SERPINB9
P61020,RAB5B
Q96FW1,OTUB1
P35240,NF2
P12270,TPR
Q5T6F2,UBAP2
Q6NVY1,HIBCH
Q14161,GIT2
O60645,EXOC3
Q9NZ08,ERAP1
Q9UBW7,ZMYM2
P84098,RPL19
Q15363,TMED2
Q9NSC2,SALL1
Q5SW79,CEP170
O95202,LETM1
Q9H7E9,C8orf33
Q15435,PPP1R7
P05089,ARG1
P43304,GPD2
Q9Y676,MRPS18B
Q16763,UBE2S
Q99574,SERPINI1
P50990,CCT8
O75533,SF3B1
Q8N5M1,ATPAF2
Q9H7Z3,NRDE2
Q8N3P4,VPS8
Q9NUR3,TMEM74B
P22681,CBL
Q13523,PRPF4B
Q53HV7,SMUG1
Q9Y5P6,GMPPB
Q9Y2Y0,ARL2BP
Q9NUJ3,TCP11L1
O14773,TPP1
P49366,DHPS
O75528,TADA3
Q9BVP2,GNL3
P60520,GABARAPL2
Q9BPX6,MICU1
P60983,GMFB
P50748,KNTC1
O60242,ADGRB3
P46459,NSF
P57737,CORO7
P48454,PPP3CC
O00483,NDUFA4
Q14653,IRF3
Q6ZVK8,NUDT18
Q9NP64,ZCCHC17
P40763,STAT3
P26232,CTNNA2
P49759,CLK1
P46013,MKI67
Q96JM7,L3MBTL3
Q96EY5,MVB12A
Q8TCD5,NT5C
Q9UHQ1,NARF
O75475,PSIP1
Q9NSY0,NRBP2
Q5T9C9,PIP5KL1
Q9ULJ8,PPP1R9A
P49770,EIF2B2
Q9Y487,ATP6V0A2
Q14139,UBE4A
P45973,CBX5
P67870,CSNK2B
Q9BVG4,PBDC1
Q9H910,JPT2
Q9NUW8,TDP1
Q03001,DST
Q9BVN2,RUSC1
O95785,WIZ
Q14004,CDK13
P09543,CNP
P14866,HNRNPL
P61962,DCAF7
Q99497,PARK7
Q5BJF2,TMEM97
A3KMH1,VWA8
Q8IYD1,GSPT2
Q8NBM4,UBAC2
P49336,CDK8
Q70CQ3,USP30
Q9NSK0,KLC4
Q96K19,RNF170
Q9BV38,WDR18
Q9BUR5,APOO
Q08AE8,SPIRE1
O43324,EEF1E1
P61586,RHOA
Q5JTV8,TOR1AIP1
P42704,LRPPRC
P09132,SRP19
Q8TCU6,PREX1
Q9HCM2,PLXNA4
Q96RR1,TWNK
Q969U7,PSMG2
O95232,LUC7L3
Q9NPQ8,RIC8A
O95825,CRYZL1
Q68EM7,ARHGAP17
Q70EL1,USP54
Q8WWM7,ATXN2L
P41247,PNPLA4
Q8N2G8,GHDC
Q96JI7,SPG11
P23284,PPIB
Q71F56,MED13L
Q14157,UBAP2L
Q9HBH1,PDF
P15260,IFNGR1
Q9P1Y6,PHRF1
Q5TH69,ARFGEF3
Q96K76,USP47
P61158,ACTR3
Q8NBQ5,HSD17B11
Q4KMQ1,TPRN
O75077,ADAM23
Q9UHL0,DDX25
Q96EL3,MRPL53
O00217,NDUFS8
O75962,TRIO
Q96RP9,GFM1
P57105,SYNJ2BP
O14737,PDCD5
Q96PN7,TRERF1
Q8TF68,ZNF384
Q8WVM0,TFB1M
Q9UL51,HCN2
P61970,NUTF2
Q5VWJ9,SNX30
A6NE02,BTBD17
P33947,KDELR2
Q8TCF1,ZFAND1
P16333,NCK1
Q00535,CDK5
P05023,ATP1A1
Q9BXS5,AP1M1
P07203,GPX1
Q68DK2,ZFYVE26
P62195,PSMC5
P06493,CDK1
Q9BZQ6,EDEM3
Q02880,TOP2B
Q6XZF7,DNMBP
Q96DI7,SNRNP40
Q9UNA4,POLI
Q96EH3,MALSU1
Q7L7X3,TAOK1
Q9NVN8,GNL3L
Q9H2U2,PPA2
Q6ZN55,ZNF574
Q5J8M3,EMC4
P29692,EEF1D
P04920,SLC4A2
Q9H4A4,RNPEP
Q04637,EIF4G1
Q9Y2H2,INPP5F
Q8TBB5,KLHDC4
O75396,SEC22B
O95822,MLYCD
Q9H2U1,DHX36
Q7Z478,DHX29
P07900,HSP90AA1
Q7Z2K8,GPRIN1
P33240,CSTF2
Q01844,EWSR1
Q53GS7,GLE1
Q14684,RRP1B
O15240,VGF
Q9Y289,SLC5A6
Q12979,ABR
P48643,CCT5
O60934,NBN
Q9H7Z7,PTGES2
Q8IYD8,FANCM
Q92932,PTPRN2
Q13347,EIF3I
Q86US8,SMG6
Q4ZG55,GREB1
Q8NCN4,RNF169
P07686,HEXB
O95470,SGPL1
Q9UPT6,MAPK8IP3
Q75N03,CBLL1
Q13003,GRIK3
O43921,EFNA2
Q9UHQ9,CYB5R1
P42025,ACTR1B
Q5T2T1,MPP7
Q9BVA0,KATNB1
Q9UH77,KLHL3
Q9NUJ7,PLCXD1
P50750,CDK9
Q15796,SMAD2
Q2NKJ3,CTC1
Q12767,TMEM94
Q9HCU9,BRMS1
Q9BSQ5,CCM2
Q96L91,EP400
P19174,PLCG1
Q92890,UFD1
Q8NHG7,SVIP
P49247,RPIA
Q6NS38,ALKBH2
Q9BPW8,NIPSNAP1
O96028,NSD2
Q13319,CDK5R2
Q92900,UPF1
P11137,MAP2
Q9Y566,SHANK1
Q14168,MPP2
Q9H6R7,WDCP
Q9NWU5,MRPL22
Q7Z6K3,PTAR1
Q96J02,ITCH
Q9NYV6,RRN3
P60953,CDC42
Q96SI9,STRBP
P78371,CCT2
Q92499,DDX1
P57087,JAM2
Q12904,AIMP1
Q14562,DHX8
P08238,HSP90AB1
P04350,TUBB4A
Q9UFW8,CGGBP1
Q9Y394,DHRS7
Q9UJY4,GGA2
Q8IWU2,LMTK2
Q12840,KIF5A
Q14644,RASA3
P52294,KPNA1
Q02083,NAAA
Q15056,EIF4H
Q8N4C8,MINK1
Q99460,PSMD1
Q8IX12,CCAR1
Q13367,AP3B2
Q8ND23,CARMIL3
P25054,APC
Q9NXK8,FBXL12
P23458,JAK1
Q04726,TLE3
Q9NVF7,FBXO28
Q7Z7H8,MRPL10
Q13433,SLC39A6
P37235,HPCAL1
O94903,PLPBP
Q8N442,GUF1
Q96CS3,FAF2
Q2NL82,TSR1
Q15154,PCM1
P09110,ACAA1
P32856,STX2
P60842,EIF4A1
Q9ULV3,CIZ1
O75954,TSPAN9
Q7L0J3,SV2A
Q9BX40,LSM14B
Q15042,RAB3GAP1
P06396,GSN
Q96EP5,DAZAP1
Q06330,RBPJ
Q9BVI4,NOC4L
P22570,FDXR
Q9BYW2,SETD2
P23588,EIF4B
Q2M389,WASHC4
P52849,NDST2
Q9BZ95,NSD3
Q9UEU0,VTI1B
Q8WXI2,CNKSR2
P31939,ATIC
Q96KP4,CNDP2
O94905,ERLIN2
Q9Y5A9,YTHDF2
Q13505,MTX1
P10114,RAP2A
Q8WXH2,JPH3
A2RUC4,TYW5
Q16352,INA
A4D1E9,GTPBP10
O43556,SGCE
Q13564,NAE1
Q9NZR2,LRP1B
Q9BT40,INPP5K
Q8N3U4,STAG2
Q14847,LASP1
Q92696,RABGGTA
Q9NZ43,USE1
Q93074,MED12
Q8WUA7,TBC1D22A
Q06265,EXOSC9
Q969G3,SMARCE1
Q8WTW3,COG1
Q96AB3,ISOC2
Q8NB78,KDM1B
Q8IZJ1,UNC5B
Q4W5G0,TIGD2
Q8TE99,PXYLP1
P51798,CLCN7
P27144,AK4
Q13045,FLII
Q6P9B9,INTS5
Q8IXJ6,SIRT2
Q9UHB7,AFF4
O00139,KIF2A
O60306,AQR
Q96RL7,VPS13A
Q13705,ACVR2B
P62191,PSMC1
P07902,GALT
Q96KR1,ZFR
Q2YD98,UVSSA
Q9H9A6,LRRC40
Q96I24,FUBP3
Q9Y3C1,NOP16
Q5W0V3,FAM160B1
Q86X29,LSR
O43149,ZZEF1
O94906,PRPF6
Q7L804,RAB11FIP2
Q03701,CEBPZ
Q0VDF9,HSPA14
Q76B58,BRINP3
Q9HAB8,PPCS
P60981,DSTN
Q4G0F5,VPS26B
Q8ND76,CCNY
O43147,SGSM2
Q14C86,GAPVD1
P30566,ADSL
Q9Y2H9,MAST1
Q9UKX7,NUP50
Q9H902,REEP1
Q92922,SMARCC1
Q5VUJ6,LRCH2
Q9Y5J6,TIMM10B
Q9ULT8,HECTD1
Q13303,KCNAB2
Q15005,SPCS2
P13073,COX4I1
O75955,FLOT1
P56556,NDUFA6
Q92990,GLMN
P55036,PSMD4
Q8NHH9,ATL2
Q7Z7A4,PXK
Q9Y5B6,PAXBP1
Q8NB90,SPATA5
Q9NY47,CACNA2D2
Q86Y13,DZIP3
Q14527,HLTF
Q96LT4,SAMD8
Q9UPM8,AP4E1
A0FGR8,ESYT2
Q86WA9,SLC26A11
O43447,PPIH
Q6PUV4,CPLX2
Q9UL26,RAB22A
Q9UKW4,VAV3
Q13363,CTBP1
Q9Y3Y2,CHTOP
O43772,SLC25A20
Q96S97,MYADM
O43505,B4GAT1
Q9NX58,LYAR
Q27J81,INF2
P07947,YES1
Q9NR19,ACSS2
P05787,KRT8
Q9UG63,ABCF2
Q9P2D1,CHD7
Q9UL54,TAOK2
O60613,SELENOF
P15104,GLUL
Q13573,SNW1
Q9NVV4,MTPAP
Q9BX95,SGPP1
P50749,RASSF2
Q32MZ4,LRRFIP1
Q9UPR0,PLCL2
P16615,ATP2A2
Q7Z3B3,KANSL1
Q8TEJ3,SH3RF3
Q9H8H2,DDX31
O94808,GFPT2
Q9H7P6,MVB12B
Q96SQ9,CYP2S1
O95376,ARIH2
Q16222,UAP1
Q6ZVF9,GPRIN3
Q9BXF3,CECR2
Q9BRJ2,MRPL45
Q86XT9,TMEM219
Q8WZA9,IRGQ
O00178,GTPBP1
Q92541,RTF1
P35269,GTF2F1
O75976,CPD
Q9H497,TOR3A
Q96Q11,TRNT1
P52630,STAT2
P46199,MTIF2
P53355,DAPK1
P31948,STIP1
Q70UQ0,IKBIP
Q9Y5Q9,GTF3C3
P98160,HSPG2
Q6BDS2,UHRF1BP1
Q9H3E2,SNX25
P62877,RBX1
P51610,HCFC1
Q16186,ADRM1
O95613,PCNT
Q5VT25,CDC42BPA
Q9BUJ2,HNRNPUL1
O00267,SUPT5H
P11182,DBT
P49756,RBM25
Q13428,TCOF1
Q9Y6X9,MORC2
Q9NX24,NHP2
Q8WYQ5,DGCR8
Q96HW7,INTS4
O94874,UFL1
Q9BQ70,TCF25
Q99250,SCN2A
Q9UHW9,SLC12A6
Q05639,EEF1A2
Q9Y223,GNE
Q7Z6J0,SH3RF1
Q92794,KAT6A
O95391,SLU7
O15031,PLXNB2
Q8WWY3,PRPF31
Q96N66,MBOAT7
O95999,BCL10
Q8IWR0,ZC3H7A
Q9NVD7,PARVA
O95208,EPN2
Q6PCT2,FBXL19
Q14739,LBR
P30043,BLVRB
Q9H3G5,CPVL
Q8TEW0,PARD3
Q12800,TFCP2
O95185,UNC5C
Q5VW36,FOCAD
Q01085,TIAL1
Q9H5L6,THAP9
Q9UKN8,GTF3C4
Q9Y388,RBMX2
Q8N4U5,TCP11L2
O15016,TRIM66
P53602,MVD
Q5T5X7,BEND3
Q9BZM4,ULBP3
P35611,ADD1
Q9NXN4,GDAP2
Q9NQ11,ATP13A2
P05091,ALDH2
Q8NG11,TSPAN14
O60488,ACSL4
P13639,EEF2
Q14197,MRPL58
Q96EC8,YIPF6
Q9UKZ4,TENM1
Q9UIQ6,LNPEP
Q8NE71,ABCF1
P61106,RAB14
Q8NG27,PJA1
Q9H0E3,SAP130
Q9Y6V0,PCLO
P52757,CHN2
Q9BV86,NTMT1
Q15759,MAPK11
Q07912,TNK2
O75554,WBP4
Q8IVL6,P3H3
Q6UXK2,ISLR2
P54753,EPHB3
P38435,GGCX
Q9UPZ6,THSD7A
Q9H0W8,SMG9
Q9H9C1,VIPAS39
Q9UL03,INTS6
Q9H008,LHPP
P14923,JUP
Q9BTV5,FSD1
O75323,NIPSNAP2
Q9Y6R0,NUMBL
Q8IWX8,CHERP
Q6T4P5,PLPPR3
Q15276,RABEP1
Q9Y4E8,USP15
Q8WVT3,TRAPPC12
P55196,AFDN
O75348,ATP6V1G1
Q8IZH2,XRN1
Q9NZN5,ARHGEF12
Q9BQ75,CMSS1
Q9NXC5,MIOS
Q96C00,ZBTB9
Q92997,DVL3
Q96PC5,MIA2
Q9BXP5,SRRT
P35251,RFC1
P21554,CNR1
Q3ZAQ7,VMA21
Q8IUQ4,SIAH1
O00255,MEN1
O75150,RNF40
Q9BVQ7,SPATA5L1
P61964,WDR5
Q99767,APBA2
Q96CT7,CCDC124
Q7Z4L5,TTC21B
P49773,HINT1
P00338,LDHA
P31749,AKT1
Q9Y6K9,IKBKG
Q9Y6N7,ROBO1
Q9NRS6,SNX15
A8MVW0,FAM171A2
Q8IY45,AMN1
Q7L4E1,MIGA2
Q96PM5,RCHY1
Q8IZU2,WDR17
Q8WY54,PPM1E
Q13185,CBX3
Q9NY27,PPP4R2
Q9Y666,SLC12A7
Q96HB5,CCDC120
O75844,ZMPSTE24
Q8WXA9,SREK1
Q562E7,WDR81
O14981,BTAF1
Q13206,DDX10
P50613,CDK7
Q92930,RAB8B
Q7Z698,SPRED2
O00534,VWA5A
Q9Y219,JAG2
P35626,GRK3
Q14566,MCM6
Q6I9Y2,THOC7
Q9H115,NAPB
P35573,AGL
Q16658,FSCN1
Q8NB49,ATP11C
P47755,CAPZA2
Q9UPQ3,AGAP1
Q9NXR7,BABAM2
Q6ZTA4,TRIM67
Q8TB61,SLC35B2
Q6P2Q9,PRPF8
Q9UJW0,DCTN4
Q9Y2X9,ZNF281
P48723,HSPA13
Q7Z2T5,TRMT1L
Q7L8C5,SYT13
Q9UDY8,MALT1
Q13332,PTPRS
P07099,EPHX1
Q92547,TOPBP1
Q96BH1,RNF25
Q6X4W1,NSMF
O43157,PLXNB1
Q53HC0,CCDC92
O15111,CHUK
Q96TC7,RMDN3
Q6ZNC4,ZNF704
Q8TF42,UBASH3B
Q9ULA0,DNPEP
Q16850,CYP51A1
Q6XUX3,DSTYK
Q69YN2,CWF19L1
O75880,SCO1
P17040,ZSCAN20
Q9NY46,SCN3A
P40967,PMEL
Q96KS9,FAM167A
Q8NI08,NCOA7
Q6GMV2,SMYD5
P62487,POLR2G
Q8NCE2,MTMR14
O00408,PDE2A
Q5SZQ8,CELF3
Q16342,PDCD2
P82914,MRPS15
Q5QJE6,DNTTIP2
Q99986,VRK1
Q32NB8,PGS1
O43427,FIBP
Q9BT88,SYT11
Q15773,MLF2
Q86V25,VASH2
O75116,ROCK2
Q9Y225,RNF24
P04899,GNAI2
P23327,HRC
Q8IWB9,TEX2
O00165,HAX1
Q6AI08,HEATR6
O43172,PRPF4
Q8WWQ0,PHIP
Q8NFW1,COL22A1
Q00013,MPP1
Q8TD26,CHD6
Q9HBD1,RC3H2
Q96PQ6,ZNF317
Q14914,PTGR1
Q04656,ATP7A
Q8IWU5,SULF2
P78364,PHC1
Q6XQN6,NAPRT
Q5VZK9,CARMIL1
Q9H582,ZNF644
Q9BWS9,CHID1
Q86YR7,MCF2L2
Q9GZR2,REXO4
Q9BSM1,PCGF1
Q8TE49,OTUD7A
P49406,MRPL19
P02545,LMNA
Q8NCS7,SLC44A5
O15397,IPO8
Q8NF91,SYNE1
O75909,CCNK
P16591,FER
P42684,ABL2
O43909,EXTL3
Q5K4L6,SLC27A3
Q99590,SCAF11
Q8N5D0,WDTC1
Q9Y3Q3,TMED3
O94913,PCF11
Q86YT6,MIB1
P51580,TPMT
Q6UB99,ANKRD11
Q96PV0,SYNGAP1
P31146,CORO1A
P11274,BCR
Q9BST9,RTKN
Q6ZS17,RIPOR1
Q92570,NR4A3
Q9Y657,SPIN1
Q9NUX5,POT1
Q8NFZ4,NLGN2
Q8IWW6,ARHGAP12
Q96C23,GALM
Q9BWC9,CCDC106
Q75V66,ANO5
Q9NX63,CHCHD3
Q9H061,TMEM126A
Q96HP0,DOCK6
O75884,RBBP9
O43414,ERI3
O43768,ENSA
Q8N4V2,SVOP
Q9NP81,SARS2
Q8TB68,PRR7
Q13129,RLF
Q9Y303,AMDHD2
Q5NDL2,EOGT
Q96Q89,KIF20B
Q15031,LARS2
Q9BUB5,MKNK1
Q14596,NBR1
P0DMQ5,INAFM2
Q9NQC7,CYLD
Q6PCB6,ABHD17C
O95985,TOP3B
P20020,ATP2B1
Q9BRX9,WDR83
Q9H1K6,TLNRD1
P47736,RAP1GAP
Q8N129,CNPY4
Q5THK1,PRR14L
Q9P2E7,PCDH10
O75123,ZNF623
Q9NWS6,FAM118A
Q9Y508,RNF114
O14662,STX16
Q9BVC4,MLST8
P51795,CLCN5
Q9BYK8,HELZ2
Q13151,HNRNPA0
Q96KB5,PBK
Q86UY8,NT5DC3
Q9H0H3,KLHL25
Q9H1U9,SLC25A51
Q8WY21,SORCS1
Q96PQ7,KLHL5
P52564,MAP2K6
Q86TG7,PEG10
Q6ZRS2,SRCAP
P63027,VAMP2
O95749,GGPS1
Q8NEJ9,NGDN
Q99759,MAP3K3
Q9NP77,SSU72
Q9NTW7,ZFP64
Q96HF1,SFRP2
Q8IWY9,CDAN1
P30414,NKTR
Q8IXZ2,ZC3H3
Q9ULD4,BRPF3
Q15131,CDK10
Q9H1U4,MEGF9
Q9HCE9,ANO8
Q9UNK0,STX8
Q9BSI4,TINF2
Q9Y2E6,DTX4
Q9H4P4,RNF41
Q96L73,NSD1
O15357,INPPL1
Q8WVC0,LEO1
Q9BZA7,PCDH11X
Q7L5Y9,MAEA
Q5VSY0,GKAP1
P54277,PMS1
P49761,CLK3
P61619,SEC61A1
P07199,CENPB
P12429,ANXA3
Q15723,ELF2
Q8N370,SLC43A2
P41236,PPP1R2
P10599,TXN
Q05BQ5,MBTD1
Q99435,NELL2
Q8TF44,C2CD4C
Q659C4,LARP1B
Q8NDV1,ST6GALNAC3
Q7KZN9,COX15
Q6QHF9,PAOX
Q2VYF4,LETM2
P30613,PKLR
Q49AG3,ZBED5
Q969S2,NEIL2
Q7Z2K6,ERMP1
Q9H5I1,SUV39H2
Q9UMR5,PPT2
Q13443,ADAM9
O95807,TMEM50A
Q9BXW9,FANCD2
Q8WVK2,SNRNP27
Q9UKY7,CDV3
Q6P1L8,MRPL14
Q9NUN5,LMBRD1
P51826,AFF3
Q99442,SEC62
Q15928,ZNF141
P17735,TAT
O75665,OFD1
P08779,KRT16
Q13233,MAP3K1
Q9Y375,NDUFAF1
Q9NYF5,FAM13B
P63162,SNRPN
Q96LJ7,DHRS1
O43598,DNPH1
Q6ZWB6,KCTD8
Q96MF7,NSMCE2
Q14568,HSP90AA2P
Q9BY66,KDM5D
Q8WVI7,PPP1R1C
Q63HK3,ZKSCAN2
Q8TBB6,SLC7A14
Q96GS6,ABHD17A
A5PLN9,TRAPPC13
Q93100,PHKB
Q9NUP1,BLOC1S4
P48751,SLC4A3
Q5EBL4,RILPL1
P29083,GTF2E1
P35226,BMI1
Q15714,TSC22D1
Q9H7H0,METTL17
Q8IXL6,FAM20C
P28676,GCA
Q9BWT3,PAPOLG
P34741,SDC2
Q9Y5X0,SNX10
O95835,LATS1
Q12933,TRAF2
Q6ZVK1,TMEM179
P28472,GABRB3
P09525,ANXA4
Q86W34,AMZ2
Q96J42,TXNDC15
Q8NFU7,TET1
Q5JS13,RALGPS1
Q49B96,COX19
Q9UKL0,RCOR1
Q9P0K8,FOXJ2
Q7Z5G4,GOLGA7
Q9NZJ6,COQ3
O15047,SETD1A
Q9H6V9,LDAH
P42167,TMPO
Q9BQ61,TRIR
Q01780,EXOSC10
Q9BTD8,RBM42
Q8NBZ7,UXS1
Q9NW68,BSDC1
P49447,CYB561
Q00613,HSF1
Q6FI81,CIAPIN1
Q8TDY8,IGDCC4
Q8WXF0,SRSF12
P25116,F2R
Q96SM3,CPXM1
Q12996,CSTF3
Q9H3H1,TRIT1
Q53R41,FASTKD1
Q9BXW7,HDHD5
Q92769,HDAC2
Q8TB37,NUBPL
Q7L4P6,BEND5
P62829,RPL23
Q16773,KYAT1
O95989,NUDT3
Q8WTR4,GDPD5
Q9Y2R4,DDX52
Q9GZS3,WDR61
Q99490,AGAP2
Q8TC76,FAM110B
Q9NPD7,NRN1
O75391,SPAG7
Q9NP61,ARFGAP3
P82673,MRPS35
O95793,STAU1
O00462,MANBA
Q969N2,PIGT
Q9NQ48,LZTFL1
Q9BRA2,TXNDC17
Q9NXS2,QPCTL
Q86VQ1,GLCCI1
Q8N1G1,REXO1
Q8ND56,LSM14A
Q9H1E5,TMX4
Q8TAE8,GADD45GIP1
Q9NYI0,PSD3
Q9NYV4,CDK12
Q7Z4H3,HDDC2
Q8NBR6,MINDY2
Q7L190,DPPA4
P68400,CSNK2A1
Q92882,OSTF1
O00442,RTCA
O14656,TOR1A
Q96S19,METTL26
Q32P28,P3H1
Q8WVX9,FAR1
Q6P6B7,ANKRD16
Q53LP3,SOWAHC
Q03052,POU3F1
A2A2Y4,FRMD3
O75368,SH3BGRL
P20265,POU3F2
P46934,NEDD4
Q8N183,NDUFAF2
Q14693,LPIN1
P15336,ATF2
Q9GZU1,MCOLN1
Q9UJ70,NAGK
Q13615,MTMR3
Q9ULI2,RIMKLB
Q9NQE9,HINT3
Q8TDW0,LRRC8C
Q9P015,MRPL15
P40424,PBX1
P52895,AKR1C2
Q9H9Y2,RPF1
P08240,SRPRA
Q9BXC9,BBS2
Q2KHR2,RFX7
Q5T5C0,STXBP5
Q86UL3,GPAT4
O96033,MOCS2
Q6N043,ZNF280D
Q13572,ITPK1
Q12851,MAP4K2
Q9BT73,PSMG3
Q5TDH0,DDI2
Q96DZ1,ERLEC1
Q9UHY7,ENOPH1
Q96GK7,FAHD2A
O43861,ATP9B
Q14571,ITPR2
Q9NR11,ZNF302
P33121,ACSL1
Q9NPG1,FZD3
Q9C0B7,TANGO6
P12110,COL6A2
P35244,RPA3
P12694,BCKDHA
Q9H426,RIMS4
Q7Z7C8,TAF8
Q17RN3,FAM98C
Q9NRA8,EIF4ENIF1
P62306,SNRPF
Q9Y689,ARL5A
Q96F10,SAT2
Q5QJ74,TBCEL
Q9UM82,SPATA2
Q96IU4,ABHD14B
Q9H0V9,LMAN2L
Q9H3H9,TCEAL2
Q9Y3C0,WASHC3
P37802,TAGLN2
Q70Z53,FRA10AC1
O75298,RTN2
Q7Z3K6,MIER3
P17029,ZKSCAN1
O75821,EIF3G
P60709,ACTB
Q9P121,NTM
Q86UX6,STK32C
P08865,RPSA
Q8IV36,HID1
P61968,LMO4
Q9H5Q4,TFB2M
Q9Y2T4,PPP2R2C
Q8IVH4,MMAA
Q9NZQ3,NCKIPSD
O60427,FADS1
Q92597,NDRG1
O14917,PCDH17
P49005,POLD2
Q9H223,EHD4
Q13561,DCTN2
Q9BYD6,MRPL1
O95861,BPNT1
Q15691,MAPRE1
Q9Y2J4,AMOTL2
Q9BV57,ADI1
Q09328,MGAT5
Q8TF05,PPP4R1
Q5SQN1,SNAP47
O75478,TADA2A
Q9C0B1,FTO
Q9UPW0,FOXJ3
Q9NPR2,SEMA4B
O75794,CDC123
P42262,GRIA2
P35613,BSG
O75420,GIGYF1
Q5TEC3,ZNF697
P49916,LIG3
P58400,NRXN1
Q9H9L3,ISG20L2
A3KN83,SBNO1
Q6AZZ1,TRIM68
O43663,PRC1
Q15365,PCBP1
Q96DX4,RSPRY1
Q9P2W9,STX18
O00458,IFRD1
Q2QGD7,ZXDC
Q6DCA0,AMMECR1L
P35914,HMGCL
Q9P253,VPS18
P21283,ATP6V1C1
Q9HBG6,IFT122
Q9Y672,ALG6
Q6ZVD8,PHLPP2
Q9C0E2,XPO4
P27037,ACVR2A
Q9Y2Z4,YARS2
Q96G28,CFAP36
Q9NQR4,NIT2
Q9P242,NYAP2
Q53H47,SETMAR
Q15392,DHCR24
P16455,MGMT
Q9BQG1,SYT3
Q8TCU4,ALMS1
Q7RTN6,STRADA
Q8TF40,FNIP1
Q8NFH8,REPS2
O15090,ZNF536
P51531,SMARCA2
Q9UQR0,SCML2
Q96QU8,XPO6
O43181,NDUFS4
Q93088,BHMT
P02649,APOE
P10398,ARAF
Q86YI8,PHF13
Q92544,TM9SF4
Q96GD3,SCMH1
Q9NUL7,DDX28
Q9NVC6,MED17
Q8N2Y8,RUSC2
Q9H6Y2,WDR55
O15355,PPM1G
Q16513,PKN2
O75886,STAM2
Q8TDW7,FAT3
P62256,UBE2H
Q9P289,STK26
Q96QG7,MTMR9
Q969G6,RFK
O95153,TSPOAP1
Q96JP5,ZFP91
P51003,PAPOLA
P40145,ADCY8
Q99487,PAFAH2
Q9NVU7,SDAD1
Q7LG56,RRM2B
Q5T2D3,OTUD3
P53667,LIMK1
Q6SZW1,SARM1
Q9NXR8,ING3
Q9Y3A6,TMED5
Q9NRY5,FAM114A2
Q9UJV9,DDX41
Q6MZP7,LIN54
Q9H6E5,TUT1
O60879,DIAPH2
Q86WR0,CCDC25
A6NDU8,C5orf51
Q8NDA2,HMCN2
P26038,MSN
Q6UWU4,C6orf89
Q9HCU5,PREB
Q7RTP6,MICAL3
Q9HBZ2,ARNT2
Q8IY92,SLX4
Q96JB3,HIC2
Q5W111,SPRYD7
Q9BZL6,PRKD2
Q12846,STX4
P43146,DCC
Q8TD19,NEK9
P80303,NUCB2
O75306,NDUFS2
Q9H4D0,CLSTN2
Q86YH6,PDSS2
Q13976,PRKG1
Q8TAF3,WDR48
Q9UHH9,IP6K2
Q96JA3,PLEKHA8
P49755,TMED10
P12755,SKI
O15040,TECPR2
Q8NFC6,BOD1L1
Q12931,TRAP1
O14727,APAF1
Q9NTX5,ECHDC1
P51523,ZNF84
Q4G0X4,KCTD21
Q9Y262,EIF3L
P20585,MSH3
Q9NYG2,ZDHHC3
Q9BZ71,PITPNM3
Q9Y2G8,DNAJC16
Q9ULE6,PALD1
Q96CN5,LRRC45
Q92934,BAD
A6NDB9,PALM3
Q5HYK3,COQ5
O43719,HTATSF1
Q9BRS8,LARP6
Q15291,RBBP5
P48553,TRAPPC10
Q7Z736,PLEKHH3
Q9Y5K8,ATP6V1D
Q8IXM3,MRPL41
Q8NEZ2,VPS37A
Q9NXU5,ARL15
Q9ULD5,ZNF777
Q5T3U5,ABCC10
Q7Z6M2,FBXO33
Q68CP9,ARID2
Q8NFJ9,BBS1
Q9H7L9,SUDS3
Q9BVS4,RIOK2
O00305,CACNB4
Q5HYI7,MTX3
P36969,GPX4
Q86WG5,SBF2
Q92551,IP6K1
Q9Y6I3,EPN1
P07384,CAPN1
P53992,SEC24C
Q9Y547,HSPB11
O60477,BRINP1
Q9UMS4,PRPF19
P51828,ADCY7
Q9HCJ5,ZSWIM6
Q9UJV8,PURG
Q13554,CAMK2B
O60704,TPST2
Q08257,CRYZ
P21266,GSTM3
Q96G74,OTUD5
Q96QT6,PHF12
Q9BVV7,TIMM21
O15484,CAPN5
Q9UNW9,NOVA2
Q96CQ1,SLC25A36
O43422,THAP12
Q8N684,CPSF7
Q2TAZ0,ATG2A
P17787,CHRNB2
Q5TA45,INTS11
Q9Y6Y0,IVNS1ABP
Q8NHY2,COP1
Q5SY16,NOL9
Q92543,SNX19
Q02779,MAP3K10
Q99611,SEPHS2
O60294,LCMT2
Q9BRK0,REEP2
P35527,KRT9
P45985,MAP2K4
P56817,BACE1
Q15283,RASA2
Q9Y5Y2,NUBP2
O00625,PIR
P17152,TMEM11
P78312,FAM193A
Q5SWA1,PPP1R15B
P61019,RAB2A
P24863,CCNC
Q8NB14,USP38
P54252,ATXN3
Q96CN7,ISOC1
P41223,BUD31
Q9Y6X0,SETBP1
Q7Z6G8,ANKS1B
Q96JB2,COG3
Q8TF46,DIS3L
Q9BV19,C1orf50
P78368,CSNK1G2
P16152,CBR1
O75874,IDH1
Q5VZE5,NAA35
Q86YB8,ERO1B
P25789,PSMA4
Q9Y3D6,FIS1
P16870,CPE
O15514,POLR2D
Q9NQV6,PRDM10
Q96CN9,GCC1
P41229,KDM5C
O43665,RGS10
Q96EY9,ADAT3
Q8IUL8,CILP2
Q3V6T2,CCDC88A
Q96D46,NMD3
Q6IN84,MRM1
Q659A1,ICE2
Q8N398,VWA5B2
A1A4S6,ARHGAP10
O15460,P4HA2
Q9P2M4,TBC1D14
Q96PE3,INPP4A
Q6NWY9,PRPF40B
O43306,ADCY6
Q2KJY2,KIF26B
O14579,COPE
Q9H074,PAIP1
P62495,ETF1
Q969T7,NT5C3B
Q9Y3A2,UTP11
Q9NWS9,ZNF446
Q9H227,GBA3
Q8TDM6,DLG5
Q9Y484,WDR45
Q9C026,TRIM9
Q99797,MIPEP
Q6ZW49,PAXIP1
Q9HCJ0,TNRC6C
Q6UW02,CYP20A1
Q9BPZ7,MAPKAP1
Q9UN37,VPS4A
Q96BW9,TAMM41
Q03111,MLLT1
Q2LD37,KIAA1109
Q9BVG9,PTDSS2
P43007,SLC1A4
Q6IQ21,ZNF770
P33897,ABCD1
Q9Y5J1,UTP18
P54198,HIRA
B2RTY4,MYO9A
Q5XPI4,RNF123
O15382,BCAT2
Q14186,TFDP1
O75251,NDUFS7
Q9Y2B5,VPS9D1
Q9H9Q2,COPS7B
P52815,MRPL12
Q7LDG7,RASGRP2
Q9H9E3,COG4
Q9NVI7,ATAD3A
O95400,CD2BP2
Q00975,CACNA1B
Q86XP1,DGKH
Q9Y485,DMXL1
P62873,GNB1
Q92797,SYMPK
Q9NUT2,ABCB8
Q86T24,ZBTB33
Q6NZY4,ZCCHC8
Q9NQS1,AVEN
Q9UNE7,STUB1
Q9UJX6,ANAPC2
Q7Z569,BRAP
Q9UBU6,FAM8A1
P53621,COPA
Q9NX78,TMEM260
P42766,RPL35
Q7L2J0,MEPCE
Q9H300,PARL
Q92565,RAPGEF5
O60486,PLXNC1
P52943,CRIP2
Q14966,ZNF638
Q86UY6,NAA40
Q9Y617,PSAT1
Q9P243,ZFAT
Q5TC84,OGFRL1
Q92968,PEX13
P17677,GAP43
Q9H0A0,NAT10
Q01130,SRSF2
Q9H1P3,OSBPL2
P84103,SRSF3
Q9UGP5,POLL
P13994,CCDC130
Q13432,UNC119
Q93073,SECISBP2L
Q8N3X1,FNBP4
Q75QN2,INTS8
O00555,CACNA1A
Q8IZE3,SCYL3
O14772,FPGT
Q1ED39,KNOP1
Q86VH4,LRRTM4
Q9BUE6,ISCA1
P42336,PIK3CA
Q9BW19,KIFC1
Q9H2K8,TAOK3
Q9BSC4,NOL10
Q8NBN3,TMEM87A
A8MPS7,YDJC
Q9HB40,SCPEP1
P09211,GSTP1
Q07890,SOS2
Q9NV96,TMEM30A
P51793,CLCN4
Q13405,MRPL49
Q9Y619,SLC25A15
P33176,KIF5B
Q13098,GPS1
Q92995,USP13
P54278,PMS2
O43295,SRGAP3
O95816,BAG2
Q8IX04,UEVLD
Q8WUY1,THEM6
P13674,P4HA1
Q12907,LMAN2
P78536,ADAM17
Q9Y5J7,TIMM9
Q9Y5B0,CTDP1
Q6IN85,PPP4R3A
Q9UM73,ALK
Q9Y2W6,TDRKH
Q9HBK9,AS3MT
Q969J3,BORCS5
Q96HI0,SENP5
Q9UDX5,MTFP1
Q13107,USP4
Q15050,RRS1
Q13427,PPIG
Q86VR8,FJX1
Q9NPJ3,ACOT13
Q8IZD6,SLC22A15
O75436,VPS26A
P52747,ZNF143
P61313,RPL15
Q9NYS7,WSB2
O75319,DUSP11
Q8IY18,SMC5
Q9Y2L5,TRAPPC8
Q86SX6,GLRX5
Q6UWI4,SHISA2
Q8IXI2,RHOT1
Q9UK58,CCNL1
O95372,LYPLA2
Q8IU60,DCP2
Q92552,MRPS27
Q9NR77,PXMP2
O15488,GYG2
Q9GZR1,SENP6
Q9HCE3,ZNF532
O43143,DHX15
Q15257,PTPA
O43303,CCP110
Q9NYS0,NKIRAS1
Q96MX6,WDR92
Q8N7R7,CCNYL1
O95139,NDUFB6
Q13042,CDC16
Q13418,ILK
Q9UNM6,PSMD13
Q96FK6,WDR89
A1A5C7,SLC22A23
P52948,NUP98
Q03252,LMNB2
O60281,ZNF292
P24752,ACAT1
P0C7U0,ELFN1
Q9HCE5,METTL14
Q8IYU2,HACE1
O75157,TSC22D2
Q9Y4E1,WASHC2C
Q5JPH6,EARS2
Q6JQN1,ACAD10
Q8N960,CEP120
P39748,FEN1
Q03426,MVK
Q8NDL9,AGBL5
P47972,NPTX2
P52907,CAPZA1
Q6IQ22,RAB12
Q14353,GAMT
Q70Z35,PREX2
Q5VT06,CEP350
Q6ICH7,ASPHD2
Q9H0E9,BRD8
P14415,ATP1B2
P36404,ARL2
Q9H773,DCTPP1
Q08170,SRSF4
O95453,PARN
Q8IWE5,PLEKHM2
Q9UN86,G3BP2
P38935,IGHMBP2
P23634,ATP2B4
P15882,CHN1
P62068,USP46
P09496,CLTA
O75818,RPP40
Q9UHR6,ZNHIT2
Q8N1G2,CMTR1
Q13275,SEMA3F
P29374,ARID4A
P10075,GLI4
Q96HY7,DHTKD1
Q92889,ERCC4
Q9UI26,IPO11
P04424,ASL
Q9P0N9,TBC1D7
Q8WUF8,FAM172A
Q5VWW1,C1QL3
P09417,QDPR
Q9NQ50,MRPL40
Q05519,SRSF11
Q4LE39,ARID4B
Q6ZN17,LIN28B
P26368,U2AF2
Q9UIA9,XPO7
Q96AX9,MIB2
P38432,COIL
P36957,DLST
P49643,PRIM2
P49368,CCT3
Q6P3X3,TTC27
P55289,CDH12
Q6NUK1,SLC25A24
P17252,PRKCA
P30740,SERPINB1
P42263,GRIA3
P24390,KDELR1
O00566,MPHOSPH10
P84090,ERH
P30519,HMOX2
Q9BYB0,SHANK3
Q9NY33,DPP3
Q93084,ATP2A3
Q96PU4,UHRF2
Q2TAC6,KIF19
P00519,ABL1
Q10567,AP1B1
Q96QE2,SLC2A13
Q5TCZ1,SH3PXD2A
Q3ZCT1,ZNF260
Q9NQP4,PFDN4
Q6VY07,PACS1
O00459,PIK3R2
O95747,OXSR1
P82930,MRPS34
Q8N554,ZNF276
Q9BY41,HDAC8
Q15047,SETDB1
Q92643,PIGK
Q9NP58,ABCB6
Q96CW1,AP2M1
Q12792,TWF1
O14807,MRAS
P46977,STT3A
P13637,ATP1A3
Q9NVH0,EXD2
Q330K2,NDUFAF6
P02787,TF
Q14123,PDE1C
P57071,PRDM15
Q16720,ATP2B3
Q8TCS8,PNPT1
Q14147,DHX34
Q9UHQ4,BCAP29
Q6UWP7,LCLAT1
Q16864,ATP6V1F
Q3SY69,ALDH1L2
Q92828,CORO2A
Q8NBJ5,COLGALT1
Q9Y5R2,MMP24
P46783,RPS10
Q9BWE0,REPIN1
Q99700,ATXN2
Q9H299,SH3BGRL3
Q13153,PAK1
Q9BYN0,SRXN1
Q8TED0,UTP15
Q96I25,RBM17
Q5T7N2,L1TD1
Q13683,ITGA7
P62745,RHOB
Q8WWH5,TRUB1
Q9UKF7,PITPNC1
O43264,ZW10
Q9Y3E1,HDGFL3
O94832,MYO1D
Q9H8H0,NOL11
Q15738,NSDHL
Q96S15,WDR24
Q9P206,KIAA1522
Q9NTJ4,MAN2C1
Q04864,REL
Q86T03,PIP4P1
P20042,EIF2S2
Q00325,SLC25A3
Q8TEM1,NUP210
P30101,PDIA3
Q96RR4,CAMKK2
Q9BVG8,KIFC3
P28072,PSMB6
Q9UGQ3,SLC2A6
Q9NPA8,ENY2
P09234,SNRPC
Q14651,PLS1
Q9Y2B9,PKIG
Q8N5Z0,AADAT
P56962,STX17
Q8IZ69,TRMT2A
Q17R89,ARHGAP44
Q9Y5W8,SNX13
P24386,CHM
Q16527,CSRP2
P06753,TPM3
Q969V5,MUL1
Q96Q15,SMG1
O43592,XPOT
Q96JM2,ZNF462
Q13200,PSMD2
Q9H4M9,EHD1
P48163,ME1
P06454,PTMA
Q5T0D9,TPRG1L
O15127,SCAMP2
Q05516,ZBTB16
Q9UMF0,ICAM5
Q96PY5,FMNL2
Q8N4L2,PIP4P2
Q9Y4A5,TRRAP
Q9UBK8,MTRR
P13693,TPT1
P53634,CTSC
O75822,EIF3J
Q7L273,KCTD9
Q6P0N0,MIS18BP1
Q8TBP0,TBC1D16
Q15777,MPPED2
P08582,MELTF
Q8TDJ6,DMXL2
O15372,EIF3H
Q16698,DECR1
P07919,UQCRH
Q8N1G0,ZNF687
O15155,BET1
O43933,PEX1
Q8NBF2,NHLRC2
P29992,GNA11
Q8WUA2,PPIL4
P26599,PTBP1
Q6KC79,NIPBL
Q86VY9,TMEM200A
Q6ZRV2,FAM83H
Q9BSA9,TMEM175
P32119,PRDX2
Q13435,SF3B2
Q9Y3C5,RNF11
Q9NSY1,BMP2K
Q96B86,RGMA
P23468,PTPRD
P63172,DYNLT1
Q9GZY4,COA1
O96008,TOMM40
Q96CP6,GRAMD1A
Q86SF2,GALNT7
O75191,XYLB
Q9NUE0,ZDHHC18
Q14999,CUL7
P62269,RPS18
P54709,ATP1B3
O43826,SLC37A4
O14562,UBFD1
Q9UBM7,DHCR7
Q9BYJ9,YTHDF1
P62820,RAB1A
Q9NRG4,SMYD2
P25685,DNAJB1
Q8NAF0,ZNF579
Q9BTX1,NDC1
O76094,SRP72
Q92736,RYR2
Q9P2B4,CTTNBP2NL
P15170,GSPT1
Q16825,PTPN21
Q9BT09,CNPY3
P45880,VDAC2
P51617,IRAK1
Q9H9A5,CNOT10
O95622,ADCY5
P48506,GCLC
Q15428,SF3A2
Q8WV74,NUDT8
Q96CX6,LRRC58
Q9Y653,ADGRG1
Q7Z2W4,ZC3HAV1
O77932,DXO
P03928,MT-ATP8
O95619,YEATS4
Q14153,FAM53B
Q9UEY8,ADD3
P20290,BTF3
Q9UPV7,PHF24
Q08AD1,CAMSAP2
Q9BRG1,VPS25
P49281,SLC11A2
Q96DA6,DNAJC19
Q5JY77,GPRASP1
P50452,SERPINB8
Q9NZT2,OGFR
Q9Y2U5,MAP3K2
Q14CS0,UBXN2B
Q9NVF9,ETNK2
O75934,BCAS2
Q9Y399,MRPS2
Q9UKG9,CROT
Q641Q3,METRNL
Q96KR7,PHACTR3
Q9H2Y7,ZNF106
Q96EL2,MRPS24
Q5VYK3,ECPAS
O00505,KPNA3
Q96RY7,IFT140
Q8NG68,TTL
O60884,DNAJA2
Q7Z3B4,NUP54
Q8IYB4,PEX5L
O95631,NTN1
Q2TAA5,ALG11
Q99567,NUP88
O14745,SLC9A3R1
Q9UPT9,USP22
Q9BUB7,TMEM70
P17600,SYN1
Q8IY37,DHX37
Q96CV9,OPTN
Q96Q05,TRAPPC9
Q14315,FLNC
Q9BZC7,ABCA2
Q9Y6A9,SPCS1
Q13595,TRA2A
Q96RS6,NUDCD1
Q9NRW1,RAB6B
Q3B7J2,GFOD2
Q9HAV7,GRPEL1
Q9NR61,DLL4
Q92186,ST8SIA2
Q9H267,VPS33B
Q9NTI5,PDS5B
Q96G03,PGM2
Q8N612,FAM160A2
Q96K17,BTF3L4
Q8TCT9,HM13
Q92564,DCUN1D4
O60641,SNAP91
P41743,PRKCI
P40855,PEX19
Q9UKI8,TLK1
Q00536,CDK16
Q15542,TAF5
Q9GZT6,CCDC90B
Q9H0M0,WWP1
O60563,CCNT1
Q7Z589,EMSY
Q15366,PCBP2
Q9NSD9,FARSB
Q6NUQ4,TMEM214
Q8N0V3,RBFA
Q92824,PCSK5
O43242,PSMD3
P49796,RGS3
Q96D70,R3HDM4
Q8N428,GALNT16
Q9BV44,THUMPD3
P29375,KDM5A
Q9P2K8,EIF2AK4
Q96JE9,MAP6
O75063,FAM20B
Q13907,IDI1
Q8TCG5,CPT1C
P20618,PSMB1
O00299,CLIC1
P40939,HADHA
O75317,USP12
Q15648,MED1
P24534,EEF1B2
P56730,PRSS12
Q13451,FKBP5
Q9H2P0,ADNP
P19338,NCL
Q7Z7F0,KHDC4
Q8WVJ2,NUDCD2
Q6PI48,DARS2
Q9H3T3,SEMA6B
O95251,KAT7
Q9BZE4,GTPBP4
A0JNW5,UHRF1BP1L
Q9NVV5,AIG1
P43121,MCAM
Q9NRW4,DUSP22
Q7L8J4,SH3BP5L
Q99689,FEZ1
Q96HP4,OXNAD1
O95295,SNAPIN
A6NK58,LIPT2
Q86VX2,COMMD7
P62244,RPS15A
Q86SJ2,AMIGO2
Q04760,GLO1
O96007,MOCS2
Q8N5G2,MACO1
P00352,ALDH1A1
P29590,PML
Q8WXH0,SYNE2
Q4LDG9,DNAL1
Q9P2L0,WDR35
P49321,NASP
P12757,SKIL
Q8TEQ8,PIGO
P07196,NEFL
Q96CB8,INTS12
O00562,PITPNM1
Q5UIP0,RIF1
Q9H939,PSTPIP2
P23921,RRM1
P32418,SLC8A1
Q8WXX7,AUTS2
Q86WN1,FCHSD1
Q7Z333,SETX
P51858,HDGF
Q6P3W7,SCYL2
O95352,ATG7
O43516,WIPF1
Q8N9F7,GDPD1
Q5VYV7,SLX4IP
Q92598,HSPH1
Q969S3,ZNF622
Q9H0B6,KLC2
P63104,YWHAZ
Q13823,GNL2
Q9NUD5,ZCCHC3
Q9HBW0,LPAR2
Q9UL68,MYT1L
Q96CS7,PLEKHB2
Q969R5,L3MBTL2
Q9Y639,NPTN
P29373,CRABP2
Q8N1F8,STK11IP
Q8IWA5,SLC44A2
Q86W92,PPFIBP1
P29074,PTPN4
O75146,HIP1R
P11021,HSPA5
O00422,SAP18
Q0PNE2,ELP6
Q9Y467,SALL2
Q92613,JADE3
Q96SB8,SMC6
O60733,PLA2G6
Q9Y5S1,TRPV2
Q8IUC8,GALNT13
Q6UB98,ANKRD12
Q9Y5T5,USP16
O14683,TP53I11
Q9H0F7,ARL6
Q9BSJ2,TUBGCP2
Q9Y6Y8,SEC23IP
P53701,HCCS
Q6DKK2,TTC19
P57768,SNX16
P43897,TSFM
O15381,NVL
P56589,PEX3
P54756,EPHA5
Q9HB71,CACYBP
Q8IYK8,REM2
Q92830,KAT2A
O14967,CLGN
Q6P1A2,LPCAT3
Q92600,CNOT9
Q7Z4W1,DCXR
Q15311,RALBP1
Q96P50,ACAP3
P53597,SUCLG1
Q9NVE7,PANK4
Q99615,DNAJC7
Q9NZI8,IGF2BP1
P63000,RAC1
Q04323,UBXN1
Q6ZUT1,NKAPD1
O75439,PMPCB
Q9BS31,ZNF649
Q9UIW2,PLXNA1
Q9ULB5,CDH7
Q9P1Y5,CAMSAP3
Q9UPA5,BSN
Q15800,MSMO1
Q9C0I1,MTMR12
Q9HCP0,CSNK1G1
Q13325,IFIT5
Q8NFW8,CMAS
Q8WUH2,TGFBRAP1
Q8IY67,RAVER1
Q8NCG7,DAGLB
Q9UJS0,SLC25A13
Q9Y4E5,ZNF451
Q76N89,HECW1
P21675,TAF1
Q7Z7K6,CENPV
Q92888,ARHGEF1
P31323,PRKAR2B
O60503,ADCY9
O76080,ZFAND5
O14544,SOCS6
P68036,UBE2L3
Q9UHB4,NDOR1
Q9P2Y4,ZNF219
Q9HAN9,NMNAT1
P11166,SLC2A1
Q15831,STK11
Q9H668,STN1
Q8N543,OGFOD1
Q16836,HADH
Q8N5Y8,PARP16
Q9HAU5,UPF2
Q1KMD3,HNRNPUL2
Q9BXF6,RAB11FIP5
P38159,RBMX
P13929,ENO3
Q13613,MTMR1
Q99536,VAT1
Q8IY95,TMEM192
Q8NDX5,PHC3
Q9NZ72,STMN3
Q9UGI8,TES
Q14690,PDCD11
O95905,ECD
Q9BX67,JAM3
Q86V87,FAM160B2
O75431,MTX2
Q9BSH4,TACO1
Q8NE31,FAM13C
Q86V81,ALYREF
P11047,LAMC1
Q96K83,ZNF521
P54764,EPHA4
Q07157,TJP1
Q5VT52,RPRD2
Q9UBL6,CPNE7
Q8WUJ0,STYX
P30626,SRI
P51659,HSD17B4
P38405,GNAL
O75113,N4BP1
Q5TA50,CPTP
Q92615,LARP4B
Q8WUM0,NUP133
O95390,GDF11
P63208,SKP1
Q9BV79,MECR
Q8N357,SLC35F6
Q9NZC9,SMARCAL1
O14594,NCAN
Q9HCM9,TRIM39
Q8NFH5,NUP35
P53611,RABGGTB
P54762,EPHB1
Q5T447,HECTD3
Q96G97,BSCL2
P19367,HK1
Q9Y315,DERA
O94916,NFAT5
O43847,NRDC
Q8N1N4,KRT78
P35268,RPL22
Q5RKV6,EXOSC6
Q96PU8,QKI
Q9BUQ8,DDX23
Q4L235,AASDH
P50440,GATM
Q8WVC6,DCAKD
Q9P2E5,CHPF2
Q96QZ7,MAGI1
Q01974,ROR2
P48426,PIP4K2A
P55290,CDH13
Q96JM3,CHAMP1
Q13464,ROCK1
Q5HYJ3,FAM76B
Q14692,BMS1
P06756,ITGAV
P13984,GTF2F2
Q9UKM9,RALY
Q9Y5E8,PCDHB15
Q86Y56,DNAAF5
Q5EBM0,CMPK2
Q9BUF5,TUBB6
Q13409,DYNC1I2
Q8IUW3,SPATA2L
P05114,HMGN1
Q9UH65,SWAP70
P30084,ECHS1
Q96PD2,DCBLD2
Q8ND04,SMG8
O43615,TIMM44
Q14498,RBM39
Q13625,TP53BP2
Q96P53,WDFY2
Q86Z23,C1QL4
Q9H0R3,TMEM222
Q9UPW8,UNC13A
P30085,CMPK1
Q9NX07,TRNAU1AP
O60229,KALRN
Q8NCN2,ZBTB34
P54284,CACNB3
Q86X02,CDR2L
Q92563,SPOCK2
Q9H3F6,KCTD10
O76062,TM7SF2
Q96NX9,DACH2
P50416,CPT1A
Q9UIJ7,AK3
P62312,LSM6
O75608,LYPLA1
Q13424,SNTA1
Q9UQE7,SMC3
Q8WW12,PCNP
Q70HW3,SLC25A26
P25787,PSMA2
Q6GYQ0,RALGAPA1
Q9UBS8,RNF14
Q9UHB6,LIMA1
Q9HC56,PCDH9
Q14019,COTL1
P20839,IMPDH1
O00559,EBAG9
A6NIH7,UNC119B
P60866,RPS20
Q6R327,RICTOR
Q9BYE7,PCGF6
Q99575,POP1
P62834,RAP1A
Q9UBC2,EPS15L1
Q9GZT8,NIF3L1
Q9NQH7,XPNPEP3
Q96DH6,MSI2
Q9BV35,SLC25A23
O00214,LGALS8
Q8N1E6,FBXL14
Q13164,MAPK7
Q86YS7,C2CD5
P01116,KRAS
P50747,HLCS
Q96GA7,SDSL
Q7Z2W9,MRPL21
Q96SY0,INTS14
Q8N3F8,MICALL1
O60664,PLIN3
O00629,KPNA4
Q7Z3D6,DGLUCY
Q14839,CHD4
Q9UPP5,KIAA1107
P54274,TERF1
P48637,GSS
P41732,TSPAN7
Q96JK9,MAML3
Q9BZ29,DOCK9
A6QL63,BTBD11
O15305,PMM2
Q13228,SELENBP1
Q9BY44,EIF2A
P27635,RPL10
Q14667,KIAA0100
Q96JJ3,ELMO2
P56373,P2RX3
Q2Q1W2,TRIM71
O75132,ZBED4
Q9H089,LSG1
Q8N9T8,KRI1
Q9ULI1,NWD2
P78540,ARG2
Q8IWS0,PHF6
P46736,BRCC3
Q8TER5,ARHGEF40
Q96I99,SUCLG2
Q96RS0,TGS1
Q02040,AKAP17A
P28329,CHAT
Q8WVF1,OSCP1
P13667,PDIA4
Q5T160,RARS2
O75382,TRIM3
P55084,HADHB
Q9BUI4,POLR3C
O94830,DDHD2
Q9Y2Z2,MTO1
Q92804,TAF15
P46926,GNPDA1
P15531,NME1
Q96RY5,CRAMP1
Q8N2F6,ARMC10
O43272,PRODH
P35475,IDUA
Q9NTI2,ATP8A2
P23469,PTPRE
Q9UBQ5,EIF3K
P51648,ALDH3A2
P25440,BRD2
Q9NVA4,TMEM184C
Q9H1V8,SLC6A17
Q9NQC3,RTN4
Q8NFZ0,FBH1
Q99439,CNN2
Q5JVF3,PCID2
Q9ULG1,INO80
P0CJ78,ZNF865
Q8N8A2,ANKRD44
P51512,MMP16
Q9Y6A4,CFAP20
Q96F24,NRBF2
P17014,ZNF12
Q9H9Q4,NHEJ1
O75881,CYP7B1
Q66K74,MAP1S
P62841,RPS15
Q9Y4F9,RIPOR2
O00410,IPO5
P12814,ACTN1
Q9UBL3,ASH2L
Q92859,NEO1
Q8WV60,PTCD2
Q7L5D6,GET4
Q6WCQ1,MPRIP
Q5C9Z4,NOM1
Q6ZMZ3,SYNE3
O60287,URB1
Q9BYD2,MRPL9
Q05084,ICA1
Q8N336,ELMOD1
Q9BYC5,FUT8
Q9NR48,ASH1L
Q96J84,KIRREL1
Q6NSI8,KIAA1841
Q9Y232,CDYL
Q9H981,ACTR8
Q8N594,MPND
Q86VX9,MON1A
P31946,YWHAB
Q96DT7,ZBTB10
Q7Z4S6,KIF21A
Q8N511,TMEM199
Q9Y6X6,MYO16
Q86YJ7,ANKRD13B
Q9Y584,TIMM22
Q3MHD2,LSM12
P61081,UBE2M
Q8WZ74,CTTNBP2
Q9Y6K8,AK5
Q9UBB5,MBD2
Q6P2I3,FAHD2B
Q9BSF4,TIMM29
Q9BRR8,GPATCH1
Q8TEL6,TRPC4AP
Q15811,ITSN1
Q8TEP8,CEP192
Q9H082,RAB33B
Q9NZB2,FAM120A
O75953,DNAJB5
Q70CQ2,USP34
Q8NCT3,KIAA0895
Q93008,USP9X
Q9BYG3,NIFK
P13716,ALAD
Q9ULH1,ASAP1
Q96RQ3,MCCC1
P50570,DNM2
Q9UL18,AGO1
P49757,NUMB
Q7Z7F7,MRPL55
O15014,ZNF609
O75448,MED24
Q96FN4,CPNE2
Q9NZN3,EHD3
P12268,IMPDH2
Q15406,NR6A1
P27544,CERS1
O14639,ABLIM1
P16219,ACADS
Q9P0S9,TMEM14C
Q9NZJ5,EIF2AK3
P42229,STAT5A
Q9H3H3,C11orf68
O15344,MID1
P05412,JUN
Q15942,ZYX
Q9HCJ2,LRRC4C
Q9HAT2,SIAE
O14810,CPLX1
Q9P0K7,RAI14
Q96RL1,UIMC1
Q16204,CCDC6
Q2PZI1,DPY19L1
Q96QC0,PPP1R10
Q00765,REEP5
Q13813,SPTAN1
P14649,MYL6B
P51153,RAB13
P58166,INHBE
Q8IZP0,ABI1
Q8N9N7,LRRC57
Q8TB03,CXorf38
Q9UPN7,PPP6R1
Q92545,TMEM131
P37840,SNCA
Q9BSL1,UBAC1
P20339,RAB5A
O75208,COQ9
Q5JTH9,RRP12
O14786,NRP1
P07355,ANXA2
Q9HCE6,ARHGEF10L
Q9Y5K6,CD2AP
O94887,FARP2
Q9UK22,FBXO2
Q6GQQ9,OTUD7B
P42574,CASP3
P21359,NF1
P05455,SSB
Q9HAV4,XPO5
A6NED2,RCCD1
P09661,SNRPA1
Q13283,G3BP1
P10515,DLAT
P06400,RB1
Q8IXB1,DNAJC10
A6NDG6,PGP
Q8N7J2,AMER2
O75373,ZNF737
Q6P3S6,FBXO42
Q13099,IFT88
Q8WVQ1,CANT1
Q9UQ90,SPG7
Q9Y576,ASB1
Q96SZ5,ADO
O60315,ZEB2
Q9BVM2,DPCD
Q567U6,CCDC93
Q9Y5X3,SNX5
P18084,ITGB5
Q7Z553,MDGA2
Q9UIF8,BAZ2B
P55809,OXCT1
P20073,ANXA7
Q12766,HMGXB3
Q9UQ26,RIMS2
Q8NEC7,GSTCD
Q9H792,PEAK1
P39019,RPS19
Q4VCS5,AMOT
Q8NC51,SERBP1
Q9Y692,GMEB1
Q99543,DNAJC2
Q8N5N7,MRPL50
Q9NRJ4,TULP4
O43707,ACTN4
Q8NBL3,TMEM178A
Q9H2S9,IKZF4
Q49AN0,CRY2
Q9Y520,PRRC2C
Q96GZ6,SLC41A3
O00257,CBX4
Q86TB9,PATL1
P49959,MRE11
Q03164,KMT2A
Q6ZMW3,EML6
Q12772,SREBF2
A1L390,PLEKHG3
P33992,MCM5
Q9H583,HEATR1
P63220,RPS21
Q8IUX1,TMEM126B
P12004,PCNA
P24821,TNC
Q8N4N3,KLHL36
P17900,GM2A
Q8NFM7,IL17RD
Q5SGD2,PPM1L
Q9Y6A2,CYP46A1
Q8IV48,ERI1
Q9HCE0,EPG5
O95671,ASMTL
O14744,PRMT5
P36551,CPOX
Q6P9F7,LRRC8B
Q9NXA8,SIRT5
Q9P2H5,USP35
Q9Y3C8,UFC1
P57057,SLC37A1
Q6UXH1,CRELD2
P62910,RPL32
Q99805,TM9SF2
Q99836,MYD88
Q9H477,RBKS
P49407,ARRB1
Q9H5N1,RABEP2
Q9H3W5,LRRN3
Q8IYH5,ZZZ3
Q16595,FXN
Q9UMS0,NFU1
Q8N6M3,FITM2
Q96GW9,MARS2
P00491,PNP
P82970,HMGN5
Q8WXD2,SCG3
Q8NG06,TRIM58
Q01814,ATP2B2
P04080,CSTB
Q8TEA8,DTD1
O75943,RAD17
Q86TN4,TRPT1
Q99933,BAG1
Q86UV5,USP48
P34949,MPI
Q9H4G4,GLIPR2
Q9H9S3,SEC61A2
Q9NZR1,TMOD2
Q6UWP2,DHRS11
Q8NAP3,ZBTB38
Q8NFZ3,NLGN4Y
Q99436,PSMB7
Q14088,RAB33A
Q96EY7,PTCD3
Q9NTJ3,SMC4
Q9Y2V7,COG6
Q7Z434,MAVS
Q5VVJ2,MYSM1
P35612,ADD2
Q9P2K9,DISP3
Q9Y4D1,DAAM1
Q12830,BPTF
O43237,DYNC1LI2
Q8WYP3,RIN2
Q13144,EIF2B5
Q8TAA5,GRPEL2
Q8NDX6,ZNF740
O43399,TPD52L2
Q9H0N5,PCBD2
Q6ZNE5,ATG14
Q9UKV0,HDAC9
O43752,STX6
Q15751,HERC1
Q8NFI3,ENGASE
P48739,PITPNB
P13807,GYS1
P54920,NAPA
Q49A26,GLYR1
Q7L1V2,MON1B
P10809,HSPD1
P29966,MARCKS
P10253,GAA
P62333,PSMC6
P49841,GSK3B
O95696,BRD1
Q14997,PSME4
Q9NRV9,HEBP1
Q9NVC3,SLC38A7
Q7Z392,TRAPPC11
P06865,HEXA
Q9H974,QTRT2
Q9Y6X8,ZHX2
Q8WUN7,UBTD2
P56182,RRP1
Q00796,SORD
Q7L945,ZNF627
P36543,ATP6V1E1
P27986,PIK3R1
Q9UJX4,ANAPC5
Q8N8N0,RNF152
Q9NVH6,TMLHE
Q9UDR5,AASS
Q5T011,SZT2
Q8NBF6,AVL9
P80723,BASP1
Q9UBV2,SEL1L
Q9BRP1,PDCD2L
Q8N680,ZBTB2
P48507,GCLM
O60447,EVI5
Q9Y6M7,SLC4A7
Q9Y2L1,DIS3
Q96RU3,FNBP1
Q9H977,WDR54
Q16620,NTRK2
Q06546,GABPA
Q5TBA9,FRY
O76041,NEBL
O94826,TOMM70
Q00534,CDK6
Q9BXJ9,NAA15
Q17R31,TATDN3
P55072,VCP
Q9NWT6,HIF1AN
P62995,TRA2B
Q8NFF5,FLAD1
Q00688,FKBP3
P60468,SEC61B
O00461,GOLIM4
Q15750,TAB1
Q9H4A6,GOLPH3
Q9ULK5,VANGL2
O94915,FRYL
Q9Y6M4,CSNK1G3
Q5T481,RBM20
P52298,NCBP2
Q96CD2,PPCDC
Q96GG9,DCUN1D1
O43572,AKAP10
Q8ND24,RNF214
Q13637,RAB32
Q9P2K3,RCOR3
Q12874,SF3A3
Q96MW5,COG8
Q96EK7,FAM120B
O95394,PGM3
O60268,KIAA0513
Q8IXI1,RHOT2
Q9H492,MAP1LC3A
Q96FZ2,HMCES
Q8IVF2,AHNAK2
Q9NPD3,EXOSC4
Q92688,ANP32B
Q13105,ZBTB17
Q9BQI7,PSD2
O43426,SYNJ1
Q53H12,AGK
Q9UQ49,NEU3
Q9NZC7,WWOX
Q9H0P0,NT5C3A
P83436,COG7
Q15858,SCN9A
Q9UMY1,NOL7
O00308,WWP2
O75410,TACC1
P27361,MAPK3
Q8TBC4,UBA3
Q8TCJ2,STT3B
P12036,NEFH
Q9Y570,PPME1
Q8IZD4,DCP1B
O95721,SNAP29
Q9H4L7,SMARCAD1
O15371,EIF3D
P10074,ZBTB48
Q9Y328,NSG2
Q6P2P2,PRMT9
Q9UPQ8,DOLK
P78549,NTHL1
Q92854,SEMA4D
Q7L0Y3,TRMT10C
Q9BXK5,BCL2L13
Q8IX18,DHX40
Q495W5,FUT11
Q07955,SRSF1
Q9BW30,TPPP3
P28715,ERCC5
P11766,ADH5
Q9NRZ7,AGPAT3
P50336,PPOX
Q9BUJ0,ABHD14A
Q6ZT98,TTLL7
O75152,ZC3H11A
P55081,MFAP1
Q9UJW8,ZNF180
Q9Y3S1,WNK2
Q9UL12,SARDH
Q9Y4B5,MTCL1
Q9UBX3,SLC25A10
Q9BYG5,PARD6B
Q9Y450,HBS1L
Q9UNA0,ADAMTS5
Q9NRA2,SLC17A5
Q16739,UGCG
O94885,SASH1
Q6PL18,ATAD2
P61601,NCALD
Q9NP92,MRPS30
Q9H063,MAF1
Q01433,AMPD2
O75832,PSMD10
Q9Y2H0,DLGAP4
Q13043,STK4
O94933,SLITRK3
Q13740,ALCAM
O95831,AIFM1
Q14738,PPP2R5D
Q96S66,CLCC1
Q9BXA9,SALL3
Q9NTG7,SIRT3
O75648,TRMU
Q96KR6,FAM210B
Q9Y281,CFL2
O75334,PPFIA2
Q9HC36,MRM3
Q6IC98,GRAMD4
Q9NXF7,DCAF16
P19021,PAM
Q8TEB9,RHBDD1
O95670,ATP6V1G2
Q05655,PRKCD
Q9P270,SLAIN2
O94819,KBTBD11
Q9C0B0,UNK
Q9H5V9,CXorf56
Q9Y5Q8,GTF3C5
Q8WTS6,SETD7
P23368,ME2
Q8TF74,WIPF2
Q8NDV7,TNRC6A
Q15853,USF2
Q9H8G2,CAAP1
Q2M3G4,SHROOM1
P33527,ABCC1
P56545,CTBP2
Q12769,NUP160
P15880,RPS2
P55211,CASP9
Q15772,SPEG
O94822,LTN1
O00291,HIP1
Q6UXN9,WDR82
Q86SE5,RALYL
Q93063,EXT2
Q14240,EIF4A2
Q9UJY5,GGA1
Q9C0K7,STRADB
Q7Z6G3,NECAB2
Q7Z6B7,SRGAP1
Q9BZI7,UPF3B
P49257,LMAN1
Q16543,CDC37
Q08623,PUDP
Q9BUB4,ADAT1
Q7KZI7,MARK2
Q7L5N1,COPS6
P56559,ARL4C
Q9NS00,C1GALT1
Q9P2N6,KANSL3
Q9H6U6,BCAS3
O14653,GOSR2
Q96DU7,ITPKC
Q9HCE1,MOV10
Q9BUD6,SPON2
Q9C0B5,ZDHHC5
Q9UHV7,MED13
Q5BJD5,TMEM41B
P52434,POLR2H
P51790,CLCN3
Q9HCJ6,VAT1L
Q99729,HNRNPAB
Q15075,EEA1
A1XBS5,FAM92A
Q8TEA7,TBCK
Q9NZV8,KCND2
Q96QF0,RAB3IP
O75569,PRKRA
Q8N8N7,PTGR2
O43819,SCO2
Q9NQX3,GPHN
Q96QT4,TRPM7
P54803,GALC
Q6PGP7,TTC37
P46779,RPL28
Q9UKJ3,GPATCH8
Q9HC38,GLOD4
Q5TEU4,NDUFAF5
Q9NRR3,CDC42SE2
Q96D53,COQ8B
Q9BRK5,SDF4
Q9UQC2,GAB2
Q969X5,ERGIC1
O15084,ANKRD28
Q9NPG3,UBN1
Q6UX07,DHRS13
Q9Y2H6,FNDC3A
O15061,SYNM
Q9H2H9,SLC38A1
Q02156,PRKCE
P43307,SSR1
P78381,SLC35A2
Q9NSC5,HOMER3
P55060,CSE1L
O00429,DNM1L
C9JLR9,C11orf95
Q9UPT5,EXOC7
Q96DZ5,CLIP3
P49802,RGS7
Q9NUQ2,AGPAT5
O60701,UGDH
O15075,DCLK1
Q9UBE0,SAE1
P83111,LACTB
O95292,VAPB
O75716,STK16
Q9H6J7,C11orf49
Q9P2E9,RRBP1
Q7Z3V4,UBE3B
Q96K21,ZFYVE19
P42338,PIK3CB
Q5PRF9,SAMD4B
Q9P1Q0,VPS54
Q5FWE3,PRRT3
P34931,HSPA1L
Q92905,COPS5
Q8N5M9,JAGN1
Q6P4I2,WDR73
O60763,USO1
Q02818,NUCB1
P59780,AP3S2
Q9NV70,EXOC1
Q09161,NCBP1
Q6PJW8,CNST
Q8IV63,VRK3
P17568,NDUFB7
Q6P1N0,CC2D1A
Q96JH8,RADIL
P42765,ACAA2
O60313,OPA1
O75477,ERLIN1
Q14831,GRM7
Q9UQM7,CAMK2A
Q15057,ACAP2
O94817,ATG12
Q8WVY7,UBLCP1
P19447,ERCC3
Q9Y2C4,EXOG
O75414,NME6
Q8N8R3,SLC25A29
Q9Y2K9,STXBP5L
P54802,NAGLU
Q96ED9,HOOK2
Q7Z3E5,ARMC9
Q8TDQ7,GNPDA2
Q02218,OGDH
P17948,FLT1
Q53H96,PYCR3
Q9UEE9,CFDP1
P43490,NAMPT
Q8TCD1,C18orf32
Q9C0F0,ASXL3
Q6IQ49,SDE2
Q8N6N3,C1orf52
P35579,MYH9
Q96J01,THOC3
P40123,CAP2
Q96NL6,SCLT1
Q96IZ7,RSRC1
Q8WUD4,CCDC12
Q8N1S5,SLC39A11
Q9NV35,NUDT15
P20810,CAST
Q6YHU6,THADA
Q8IWA0,WDR75
O15160,POLR1C
O60282,KIF5C
O15066,KIF3B
P27816,MAP4
Q96RQ1,ERGIC2
Q9P2T1,GMPR2
Q9P032,NDUFAF4
P78324,SIRPA
P11387,TOP1
Q96HN2,AHCYL2
Q969M7,UBE2F
Q8TDX7,NEK7
O15041,SEMA3E
Q8IXW5,RPAP2
P35221,CTNNA1
Q9NU22,MDN1
Q16795,NDUFA9
P54687,BCAT1
Q9H0R6,QRSL1
O00232,PSMD12
P22090,RPS4Y1
Q96BQ5,CCDC127
Q969F1,GTF3C6
Q9BUL5,PHF23
O94927,HAUS5
Q7L2H7,EIF3M
Q96A11,GAL3ST3
O75676,RPS6KA4
Q08209,PPP3CA
Q8ND90,PNMA1
P23435,CBLN1
P29353,SHC1
Q96CM8,ACSF2
O00754,MAN2B1
P12235,SLC25A4
P61981,YWHAG
Q9UM19,HPCAL4
Q9H307,PNN
O15069,NACAD
P11498,PC
Q02750,MAP2K1
Q13795,ARFRP1
Q9H4W6,EBF3
P34947,GRK5
Q9GZT3,SLIRP
Q13510,ASAH1
Q8NI36,WDR36
O14490,DLGAP1
O15228,GNPAT
P14927,UQCRB
Q6ZTN6,ANKRD13D
Q14789,GOLGB1
Q96PU5,NEDD4L
O75381,PEX14
Q6ZPD9,DPY19L3
Q9P0X4,CACNA1I
P07737,PFN1
Q5VWG9,TAF3
Q5JR59,MTUS2
Q9NVR0,KLHL11
Q9BSB4,ATG101
Q8WUM4,PDCD6IP
Q58A45,PAN3
Q9C0D3,ZYG11B
P57721,PCBP3
Q8N1A0,KRT222
Q5VVQ6,YOD1
Q8NEB9,PIK3C3
P50895,BCAM
Q9UKZ1,CNOT11
Q92820,GGH
Q9Y2I7,PIKFYVE
O00512,BCL9
Q15477,SKIV2L
Q9BYH1,SEZ6L
Q9BZI1,IRX2
Q86UR5,RIMS1
Q5T200,ZC3H13
Q9Y4L1,HYOU1
P82921,MRPS21
A0AVT1,UBA6
P78347,GTF2I
Q9H3T2,SEMA6C
O75467,ZNF324
Q96N11,C7orf26
Q9Y324,FCF1
Q9NX61,TMEM161A
O76003,GLRX3
Q70E73,RAPH1
P43250,GRK6
Q9Y6G3,MRPL42
Q14204,DYNC1H1
P13010,XRCC5
P30154,PPP2R1B
Q9UI12,ATP6V1H
Q96BR9,ZBTB8A
Q9BQE3,TUBA1C
O94864,SUPT7L
Q9P2P1,NYNRIN
P17987,TCP1
P62330,ARF6
Q53F19,NCBP3
Q96B45,BORCS7
P54829,PTPN5
Q96M96,FGD4
P42695,NCAPD3
Q9Y5K5,UCHL5
Q9HD33,MRPL47
O95433,AHSA1
Q12791,KCNMA1
O14523,C2CD2L
Q7Z6E9,RBBP6
Q9H993,ARMT1
Q8NAT1,POMGNT2
Q9BTC0,DIDO1
Q9NR50,EIF2B3
Q04837,SSBP1
O43491,EPB41L2
Q14721,KCNB1
Q7Z7A3,CTU1
P13497,BMP1
Q9NX20,MRPL16
Q01118,SCN7A
Q00341,HDLBP
P61289,PSME3
Q8WV93,AFG1L
Q9UMZ2,SYNRG
Q8TCX1,DYNC2LI1
Q02641,CACNB1
Q9H3N1,TMX1
O14561,NDUFAB1
Q8WXE9,STON2
Q9P0M9,MRPL27
Q96EK6,GNPNAT1
Q86WK6,AMIGO1
P35250,RFC2
Q9Y2K5,R3HDM2
Q9BTV4,TMEM43
P04406,GAPDH
P48380,RFX3
P26583,HMGB2
O96006,ZBED1
O43159,RRP8
O00567,NOP56
O95214,LEPROTL1
Q9H0H0,INTS2
Q8NDI1,EHBP1
Q96ER3,SAAL1
Q0JRZ9,FCHO2
P07195,LDHB
Q6PJI9,WDR59
Q9H1I8,ASCC2
Q9H777,ELAC1
Q14676,MDC1
Q66K66,TMEM198
Q00059,TFAM
Q13362,PPP2R5C
O75928,PIAS2
Q9NVM6,DNAJC17
O14974,PPP1R12A
Q9UJ55,MAGEL2
O43824,GTPBP6
O00268,TAF4
Q9BZF2,OSBPL7
Q15021,NCAPD2
Q9NR09,BIRC6
Q7Z7G8,VPS13B
P78527,PRKDC
Q96Q83,ALKBH3
Q86VW2,ARHGEF25
Q96AE4,FUBP1
Q12905,ILF2
O96019,ACTL6A
Q9H7X7,IFT22
P52306,RAP1GDS1
P51957,NEK4
P46776,RPL27A
A6NHR9,SMCHD1
Q9H814,PHAX
Q96JX3,SERAC1
Q96LT7,C9orf72
Q2M1K9,ZNF423
Q8NBN7,RDH13
P25205,MCM3
P15121,AKR1B1
Q15165,PON2
Q9NWT1,PAK1IP1
Q52LJ0,FAM98B
Q92539,LPIN2
Q9NUJ1,ABHD10
Q9P2U8,SLC17A6
Q92540,SMG7
Q9NZV1,CRIM1
Q15014,MORF4L2
O15540,FABP7
Q9NRG9,AAAS
Q13371,PDCL
Q9ULE3,DENND2A
Q9HA92,RSAD1
Q6DHV7,ADAL
Q15007,WTAP
Q6UXP7,FAM151B
Q9Y4P8,WIPI2
Q14703,MBTPS1
P28838,LAP3
Q9NYL9,TMOD3
P10746,UROS
Q6UVM3,KCNT2
Q86YP4,GATAD2A
Q13356,PPIL2
Q8TAC9,SCAMP5
Q13123,IK
Q9BXY0,MAK16
Q15223,NECTIN1
Q9Y305,ACOT9
Q14534,SQLE
Q9NWW6,NMRK1
Q8N9B5,JMY
Q14008,CKAP5
Q9Y4J8,DTNA
Q9Y5S9,RBM8A
P36405,ARL3
P33402,GUCY1A2
Q14746,COG2
Q9BS26,ERP44
Q92989,CLP1
Q16822,PCK2
Q6ZSJ9,SHISA6
O75140,DEPDC5
O00401,WASL
Q8WXD9,CASKIN1
Q99963,SH3GL3
Q9Y6J0,CABIN1
P49189,ALDH9A1
Q8N1B4,VPS52
Q8WXE0,CASKIN2
P23142,FBLN1
Q9Y297,BTRC
Q96JB5,CDK5RAP3
Q02410,APBA1
Q6IAN0,DHRS7B
Q02952,AKAP12
Q08AF3,SLFN5
Q8NBP0,TTC13
Q9H9Y4,GPN2
P20700,LMNB1
Q96RD7,PANX1
P62917,RPL8
Q14978,NOLC1
P05165,PCCA
O14910,LIN7A
Q53FP2,TMEM35A
Q9NWB6,ARGLU1
Q9NVA1,UQCC1
Q9H3L0,MMADHC
Q567V2,MPV17L2
O95396,MOCS3
Q5JRX3,PITRM1
Q9BTE1,DCTN5
Q9BYC9,MRPL20
Q13480,GAB1
Q96QE5,TEFM
Q9Y2S6,TMA7
Q969V3,NCLN
Q9H4Z3,PCIF1
Q5SYE7,NHSL1
P55884,EIF3B
Q96IW7,SEC22A
Q9NWQ4,GPATCH2L
Q5TAQ9,DCAF8
O43464,HTRA2
Q06124,PTPN11
O95477,ABCA1
Q16531,DDB1
Q68DU8,KCTD16
O00231,PSMD11
Q15554,TERF2
Q9NT68,TENM2
Q9NP79,VTA1
Q9ULU4,ZMYND8
Q86Y97,KMT5C
Q15269,PWP2
Q6PHR2,ULK3
Q96E17,RAB3C
Q86Y39,NDUFA11
Q13535,ATR
Q5JSH3,WDR44
Q9BX70,BTBD2
Q93034,CUL5
Q7L1W4,LRRC8D
Q7L7V1,DHX32
P68402,PAFAH1B2
O95363,FARS2
Q08289,CACNB2
P05166,PCCB
Q9UJC3,HOOK1
Q9Y3L5,RAP2C
P35580,MYH10
Q9BT30,ALKBH7
Q9NZM4,BICRA
Q16775,HAGH
P50993,ATP1A2
Q9NRX1,PNO1
Q9UK73,FEM1B
P17812,CTPS1
O60244,MED14
Q9Y2D4,EXOC6B
Q99570,PIK3R4
Q07020,RPL18
Q9H0L4,CSTF2T
Q9Y462,ZNF711
Q9UNP4,ST3GAL5
Q08493,PDE4C
P51797,CLCN6
O75781,PALM
P40121,CAPG
O14908,GIPC1
P13861,PRKAR2A
Q9UJT0,TUBE1
P05423,POLR3D
P13995,MTHFD2
P49792,RANBP2
Q9Y282,ERGIC3
Q9Y5W7,SNX14
P85299,PRR5
Q9P013,CWC15
P35998,PSMC2
Q96B97,SH3KBP1
Q9UN36,NDRG2
O15131,KPNA5
Q5JS37,NHLRC3
Q15361,TTF1
Q8NCW5,NAXE
Q9H6S0,YTHDC2
P54793,ARSF
Q92630,DYRK2
P20226,TBP
Q96EE3,SEH1L
Q63HM9,PLCXD3
O94804,STK10
P49711,CTCF
Q9NVH2,INTS7
Q53HC5,KLHL26
Q15427,SF3B4
Q9Y606,PUS1
Q9HAD4,WDR41
Q5T4F4,ZFYVE27
Q9UJX3,ANAPC7
P12109,COL6A1
Q96DB5,RMDN1
Q8TBZ3,WDR20
P60228,EIF3E
Q8TAG9,EXOC6
Q9NZI7,UBP1
Q92503,SEC14L1
Q3ZCM7,TUBB8
P23416,GLRA2
Q8NBU5,ATAD1
Q8IY47,KBTBD2
O15511,ARPC5
Q14247,CTTN
Q92783,STAM
Q9NWM3,CUEDC1
Q99943,AGPAT1
O00443,PIK3C2A
Q8TDN4,CABLES1
Q9Y2W1,THRAP3
Q01826,SATB1
O94760,DDAH1
Q8WXS5,CACNG8
Q96AC1,FERMT2
Q96QK1,VPS35
A8MWL6,
P61764,STXBP1
P62070,RRAS2
Q5BKX5,C19orf54
P53582,METAP1
O95789,ZMYM6
O60841,EIF5B
Q9NPB8,GPCPD1
Q709C8,VPS13C
Q6NUK4,REEP3
Q14118,DAG1
Q8NDC4,MORN4
Q86VN1,VPS36
Q8NEL9,DDHD1
O75131,CPNE3
P30050,RPL12
Q5SSJ5,HP1BP3
P39023,RPL3
Q5H9F3,BCORL1
Q8TEX9,IPO4
O95359,TACC2
P21333,FLNA
Q15274,QPRT
Q8IXN7,RIMKLA
Q9C0C9,UBE2O
Q92623,TTC9
P84157,MXRA7
Q8IWB7,WDFY1
Q4AC94,C2CD3
P50402,EMD
Q6UB28,METAP1D
Q9Y4C8,RBM19
P48382,RFX5
Q8N720,ZNF655
Q5JSL3,DOCK11
O95201,ZNF205
Q8N584,TTC39C
O00425,IGF2BP3
Q8TEQ0,SNX29
Q9Y2J0,RPH3A
Q9NYU2,UGGT1
Q14833,GRM4
A6NKF1,SAC3D1
Q9BQ67,GRWD1
Q8NEN9,PDZD8
Q9NP80,PNPLA8
Q9NQT5,EXOSC3
Q13619,CUL4A
P53609,PGGT1B
Q14689,DIP2A
P10644,PRKAR1A
Q9Y680,FKBP7
O60507,TPST1
O60825,PFKFB2
Q8WU10,PYROXD1
O95886,DLGAP3
Q9NQW7,XPNPEP1
Q9Y2W2,WBP11
Q9Y385,UBE2J1
O43818,RRP9
Q15118,PDK1
Q9H488,POFUT1
Q9UBS9,SUCO
Q8NE00,TMEM104
Q9NYH9,UTP6
Q8WYA6,CTNNBL1
Q9NZI2,KCNIP1
Q9BZG8,DPH1
Q15437,SEC23B
Q9BXJ8,TMEM120A
Q8N609,TRAM1L1
Q14145,KEAP1
Q9HD45,TM9SF3
Q92733,PRCC
Q9Y4G2,PLEKHM1
P37287,PIGA
Q9NQZ2,UTP3
O75521,ECI2
Q14764,MVP
Q8IWY4,SCUBE1
Q86X27,RALGPS2
Q9H8E8,KAT14
Q8NBS9,TXNDC5
Q9BYV8,CEP41
Q8IZ83,ALDH16A1
Q16851,UGP2
P62906,RPL10A
Q9UKU0,ACSL6
Q07343,PDE4B
Q9NUQ7,UFSP2
Q15149,PLEC
P60484,PTEN
Q96A49,SYAP1
Q96S94,CCNL2
Q86W50,METTL16
P46940,IQGAP1
Q96KP1,EXOC2
Q9Y6W3,CAPN7
Q8IYI6,EXOC8
Q08431,MFGE8
P49593,PPM1F
Q9UHL4,DPP7
Q9H6R6,ZDHHC6
Q9UEW8,STK39
Q14166,TTLL12
P48058,GRIA4
Q9Y2H1,STK38L
Q5VIR6,VPS53
O15054,KDM6B
P14621,ACYP2
Q96BN2,TADA1
Q92626,PXDN
Q96F25,ALG14
O75151,PHF2
Q9BTW9,TBCD
Q4FZB7,KMT5B
Q15147,PLCB4
Q92673,SORL1
Q07960,ARHGAP1
Q9UBW8,COPS7A
Q13608,PEX6
P21506,ZNF10
Q13868,EXOSC2
Q8N414,PGBD5
Q9UGV2,NDRG3
Q96EP0,RNF31
Q14444,CAPRIN1
Q9Y2X3,NOP58
Q12802,AKAP13
Q86X10,RALGAPB
Q9H2A3,NEUROG2
Q9NWS8,RMND1
P14314,PRKCSH
Q9H9P5,UNKL
Q6UWY0,ARSK
O43148,RNMT
Q8IYR2,SMYD4
Q9NR30,DDX21
O95197,RTN3
P50395,GDI2
Q6UX04,CWC27
Q9NPF4,OSGEP
Q5T6F0,DCAF12
P42898,MTHFR
P05198,EIF2S1
Q8IW45,NAXD
Q96M27,PRRC1
O00148,DDX39A
O75487,GPC4
Q9NRY4,ARHGAP35
Q05397,PTK2
Q96AA8,JAKMIP2
Q8NEG7,DENND6B
O14569,CYB561D2
Q16877,PFKFB4
P14735,IDE
P15498,VAV1
Q9BY12,SCAPER
P78330,PSPH
P46063,RECQL
Q9HC07,TMEM165
Q86VY4,TSPYL5
P11441,UBL4A
P21399,ACO1
Q15326,ZMYND11
Q68EN5,KIAA0895L
Q96BP3,PPWD1
P13804,ETFA
Q4AE62,GTDC1
O95704,APBB3
P51608,MECP2
P17050,NAGA
Q7Z417,NUFIP2
Q9UIS9,MBD1
Q15526,SURF1
O15169,AXIN1
Q9UDY4,DNAJB4
Q96G46,DUS3L
Q9P2R7,SUCLA2
P09960,LTA4H
Q01813,PFKP
P25391,LAMA1
Q9NQ69,LHX9
Q15287,RNPS1
Q92562,FIG4
Q8N0V5,GCNT2
P04264,KRT1
O43290,SART1
Q15121,PEA15
Q9UJQ4,SALL4
O75083,WDR1
P18124,RPL7
Q8IW41,MAPKAPK5
Q8N2W9,PIAS4
Q5T7W0,ZNF618
Q9UNX4,WDR3
Q14254,FLOT2
O75899,GABBR2
Q9UQ80,PA2G4
Q02978,SLC25A11
Q8NFQ8,TOR1AIP2
P62633,CNBP
Q8N4B1,PHETA1
P48556,PSMD8
Q96RG2,PASK
Q13148,TARDBP
P78346,RPP30
Q9UKK3,PARP4
Q9BY89,KIAA1671
Q86Y37,CACUL1
O00186,STXBP3
Q8NCN5,PDPR
Q9NQ89,C12orf4
P25786,PSMA1
O15211,RGL2
P42126,ECI1
Q9UDW3,ZMAT5
P07237,P4HB
Q15349,RPS6KA2
Q96N16,JAKMIP1
Q8N9N8,EIF1AD
Q5PSV4,BRMS1L
Q9NPI6,DCP1A
O94763,URI1
P19623,SRM
P07954,FH
P51970,NDUFA8
Q9NZ52,GGA3
Q5TC79,ZBTB37
O00764,PDXK
Q9Y6A1,POMT1
O43175,PHGDH
O14980,XPO1
P31949,S100A11
P61201,COPS2
Q9BUH6,PAXX
P49748,ACADVL
O95198,KLHL2
Q96FA3,PELI1
Q8WWV3,RTN4IP1
Q12816,TRO
Q6AI39,BICRAL
Q8NFY9,KBTBD8
P38571,LIPA
P14550,AKR1A1
Q96E29,MTERF3
Q8NBX0,SCCPDH
Q9H329,EPB41L4B
Q9BUL8,PDCD10
Q08380,LGALS3BP
Q9BVK6,TMED9
Q15034,HERC3
P13591,NCAM1
Q53FA7,TP53I3
P20674,COX5A
P35658,NUP214
Q7RTV0,PHF5A
Q96T60,PNKP
P42858,HTT
P02790,HPX
L0R819,ASDURF
Q13425,SNTB2
Q6DD88,ATL3
Q9Y2J2,EPB41L3
Q15758,SLC1A5
Q96IJ6,GMPPA
Q2M2I8,AAK1
O60493,SNX3
Q9BVS5,TRMT61B
Q9ULC4,MCTS1
Q92823,NRCAM
Q9Y2E4,DIP2C
P11277,SPTB
Q8N944,AMER3
P30711,GSTT1
Q05D32,CTDSPL2
Q9P000,COMMD9
Q9H334,FOXP1
O43567,RNF13
P52888,THOP1
Q9NRK6,ABCB10
P62079,TSPAN5
O60547,GMDS
O95568,METTL18
Q8WTT2,NOC3L
P14625,HSP90B1
Q9Y5K3,PCYT1B
Q9P016,THYN1
Q96AX1,VPS33A
O94925,GLS
Q9UNN5,FAF1
Q6UUV9,CRTC1
P06746,POLB
Q9BZE9,ASPSCR1
Q5T440,IBA57
Q9Y4B6,DCAF1
Q96GY0,ZC2HC1A
Q9UKA9,PTBP2
P98077,SHC2
P47985,UQCRFS1
Q99961,SH3GL1
Q9NWV8,BABAM1
P55145,MANF
P40818,USP8
P0CAP2,POLR2M
Q14517,FAT1
P15374,UCHL3
Q5JS54,PSMG4
P28482,MAPK1
P10909,CLU
Q8IYS1,PM20D2
Q9NXF1,TEX10
Q8NI37,PPTC7
Q9Y6W5,WASF2
Q9GZN8,C20orf27
Q9UBE8,NLK
Q9H7E2,TDRD3
Q96H78,SLC25A44
Q8IZQ5,SELENOH
P14618,PKM
O76039,CDKL5
Q6P1R3,MSANTD2
Q9BZF3,OSBPL6
Q86VD7,SLC25A42
P80404,ABAT
P55327,TPD52
Q9NUA8,ZBTB40
Q15382,RHEB
Q16134,ETFDH
P55010,EIF5
P11310,ACADM
P29323,EPHB2
P78314,SH3BP2
Q01968,OCRL
P42785,PRCP
Q9P2H3,IFT80
Q96KQ4,PPP1R13B
O95478,NSA2
Q9NVM9,INTS13
Q6PI47,KCTD18
Q14807,KIF22
Q96CN4,EVI5L
Q04771,ACVR1
Q9UBQ7,GRHPR
Q9BVG3,TRIM62
Q9UGP8,SEC63
P09429,HMGB1
Q8IY33,MICALL2
A1Z1Q3,MACROD2
A6NHQ2,FBLL1
A6NMB9,FIGNL2
E9PRG8,C11orf98
O00159,MYO1C
O00400,SLC33A1
O00746,NME4
O14617,AP3D1
O14657,TOR1B
O14713,ITGB1BP1
O14734,ACOT8
O14893,GEMIN2
O14907,TAX1BP3
O14936,CASK
O15034,RIMBP2
O15269,SPTLC1
O43150,ASAP2
O43156,TTI1
O43583,DENR
O60256,PRPSAP2
O60512,B4GALT3
O60518,RANBP6
O60610,DIAPH1
O60870,KIN
O60885,BRD4
O60890,OPHN1
O60930,RNASEH1
O75340,PDCD6
O75494,SRSF10
O75689,ADAP1
O75879,GATB
O94842,TOX4
O94919,ENDOD1
O95125,ZNF202
O95149,SNUPN
O95164,UBL3
O95199,RCBTB2
O95425,SVIL
O95685,PPP1R3D
O95865,DDAH2
P02768,ALB
P03905,MT-ND4
P04844,RPN2
P06737,PYGL
P06744,GPI
P08195,SLC3A2
P08397,HMBS
P08559,PDHA1
P08758,ANXA5
P08913,ADRA2A
P0DPB5,POLR1D
P10636,MAPT
P11216,PYGB
P11586,MTHFD1
P13521,SCG2
P13646,KRT13
P15848,ARSB
P15927,RPA2
P16278,GLB1
P16519,PCSK2
P17096,HMGA1
P17098,ZNF8
P18621,RPL17
P18754,RCC1
P18827,SDC1
P19013,KRT4
P22102,GART
P22234,PAICS
P22735,TGM1
P22748,CA4
P23352,ANOS1
P23526,AHCY
P24941,CDK2
P25325,MPST
P27708,CAD
P27797,CALR
P28066,PSMA5
P28070,PSMB4
P28161,GSTM2
P28331,NDUFS1
P29084,GTF2E2
P29218,IMPA1
P30260,CDC27
P30837,ALDH1B1
P33993,MCM7
P35270,SPR
P35498,SCN1A
P35754,GLRX
P36542,ATP5F1C
P36776,LONP1
P37198,NUP62
P39656,DDOST
P40616,ARL1
P41091,EIF2S3
P41217,CD200
P42575,CASP2
P45983,MAPK8
P46108,CRK
P46777,RPL5
P46778,RPL21
P48147,PREP
P48728,AMT
P48735,IDH2
P49006,MARCKSL1
P49356,FNTB
P49720,PSMB3
P50150,GNG4
P50454,SERPINH1
P51178,PLCD1
P51553,IDH3G
P51649,ALDH5A1
P52209,PGD
P52565,ARHGDIA
P52735,VAV2
P53041,PPP5C
P53618,COPB1
P55039,DRG2
P55735,SEC13
P56524,HDAC4
P58335,ANTXR2
P60033,CD81
P60174,TPI1
P60900,PSMA6
P60903,S100A10
P61009,SPCS3
P61513,RPL37A
P61923,COPZ1
P62753,RPS6
P63261,ACTG1
P63279,UBE2I
P98155,VLDLR
P98196,ATP11A
Q01469,FABP5
Q02413,DSG1
Q06830,PRDX1
Q08378,GOLGA3
Q09028,RBBP4
Q10472,GALNT1
Q12959,DLG1
Q13162,PRDX4
Q13202,DUSP8
Q13330,MTA1
Q13509,TUBB3
Q13574,DGKZ
Q14005,IL16
Q14146,URB2
Q14203,DCTN1
Q14376,GALE
Q14642,INPP5A
Q15119,PDK2
Q15181,PPA1
Q15256,PTPRR
Q15555,MAPRE2
Q15813,TBCE
Q16537,PPP2R5E
Q16798,ME3
Q16878,CDO1
Q16891,IMMT
Q2TAA2,IAH1
Q4G176,ACSF3
Q53GQ0,HSD17B12
Q53GS9,USP39
Q53S58,TMEM177
Q5R3I4,TTC38
Q5T653,MRPL2
Q5T8P6,RBM26
Q5VST6,ABHD17B
Q68CQ7,GLT8D1
Q68CZ1,RPGRIP1L
Q6EEV4,POLR2M
Q6KB66,KRT80
Q6NUQ1,RINT1
Q6NW34,NEPRO
Q6P2E9,EDC4
Q6P587,FAHD1
Q6P6C2,ALKBH5
Q6PL24,TMED8
Q6UUV7,CRTC3
Q6UWN5,LYPD5
Q71RG4,TMUB2
Q7L1Q6,BZW1
Q7L266,ASRGL1
Q7L576,CYFIP1
Q7LGA3,HS2ST1
Q7Z2E3,APTX
Q7Z3B1,NEGR1
Q7Z407,CSMD3
Q7Z794,KRT77
Q86SQ7,SDCCAG8
Q86TV6,TTC7B
Q86WA6,BPHL
Q86YM7,HOMER1
Q8IU85,CAMK1D
Q8IUX7,AEBP1
Q8IXM2,BAP18
Q8IY81,FTSJ3
Q8IYU8,MICU2
Q8IZ40,RCOR2
Q8IZL9,CDK20
Q8N165,PDIK1L
Q8N4Q1,CHCHD4
Q8N573,OXR1
Q8N5K1,CISD2
Q8N5T2,TBC1D19
Q8NBL1,POGLUT1
Q8NCY6,MSANTD4
Q8NE86,MCU
Q8NFH4,NUP37
Q8TAP4,LMO3
Q8TAT6,NPLOC4
Q8TCB7,METTL6
Q8TDZ2,MICAL1
Q8TET4,GANC
Q8WVB6,CHTF18
Q8WVV9,HNRNPLL
Q8WX93,PALLD
Q8WXX5,DNAJC9
Q92665,MRPS31
Q92947,GCDH
Q92973,TNPO1
Q969E2,SCAMP4
Q969S9,GFM2
Q96A05,ATP6V1E2
Q96A73,KIAA1191
Q96AN5,TMEM143
Q96BR5,COA7
Q96BW5,PTER
Q96D09,GPRASP2
Q96ER9,CCDC51
Q96EY8,MMAB
Q96FX7,TRMT61A
Q96GM8,TOE1
Q96H20,SNF8
Q96HD1,CRELD1
Q96LB3,IFT74
Q96NT0,CCDC115
Q96P48,ARAP1
Q99470,SDF2
Q99547,MPHOSPH6
Q99622,C12orf57
Q99661,KIF2C
Q99962,SH3GL2
Q9BS92,NIPSNAP3B
Q9BTV7,CABLES2
Q9BUT1,BDH2
Q9BV23,ABHD6
Q9BVJ6,UTP14A
Q9BW92,TARS2
Q9BX10,GTPBP2
Q9BXB5,OSBPL10
Q9BXP2,SLC12A9
Q9BZ23,PANK2
Q9BZQ4,NMNAT2
Q9GZV3,SLC5A7
Q9H0U3,MAGT1
Q9H0U4,RAB1B
Q9H0W9,C11orf54
Q9H2T7,RANBP17
Q9H330,TMEM245
Q9H336,CRISPLD1
Q9H479,FN3K
Q9H9B4,SFXN1
Q9H9F9,ACTR5
Q9H9P8,L2HGDH
Q9HB90,RRAGC
Q9HD23,MRS2
Q9NQ84,GPRC5C
Q9NR45,NANS
Q9NRN9,METTL5
Q9NSE4,IARS2
Q9NTK5,OLA1
Q9NUU7,DDX19A
Q9NVH1,DNAJC11
Q9NVS9,PNPO
Q9NW15,ANO10
Q9NWX5,ASB6
Q9NY35,CLDND1
Q9NY61,AATF
Q9NYP7,ELOVL5
Q9NZ45,CISD1
Q9NZD8,SPG21
Q9NZW5,MPP6
Q9P0L0,VAPA
Q9P0V3,SH3BP4
Q9P1U1,ACTR3B
Q9P281,BAHCC1
Q9UBS4,DNAJB11
Q9UF33,EPHA6
Q9UGK8,SERGEF
Q9UHA4,LAMTOR3
Q9UHD1,CHORDC1
Q9UHD2,TBK1
Q9UHG2,PCSK1N
Q9UI15,TAGLN3
Q9UJT9,FBXL7
Q9UJX5,ANAPC4
Q9UK76,JPT1
Q9UL63,MKLN1
Q9UM11,FZR1
Q9UN81,L1RE1
Q9UNP9,PPIE
Q9UPR3,SMG5
Q9Y287,ITM2B
Q9Y2L9,LRCH1
Q9Y2P8,RCL1
Q9Y2R9,MRPS7
Q9Y3B7,MRPL11
Q9Y3C4,TPRKB
Q9Y3D8,AK6
Q9Y530,OARD1
Q9Y679,AUP1
Q9Y6X2,PIAS3